source_mat_id_orig,samp_description,tax_id,scientific_name,investigation_type,env_material,collection_date,sampling_event,sampl_person,sampl_person_orcid,tidal_stage,depth,replicate,samp_size_vol,time_fi,size_frac,size_frac_low,size_frac_up,membr_cut,samp_collect_device,samp_mat_process,samp_mat_process_dev,samp_store_date,samp_store_loc,samp_store_temp,store_person,store_person_orcid,other_person,other_person_orcid,long_store,ship_date,arr_date_hq,store_temp_hq,ship_date_seq,arr_date_seq,failure,failure_comment,ENA_accession_number_sample,source_mat_id
EMO BON UMF Wa 220830 3um (1),EMOBON metagenome water sample from station UMF collected on 2022-08-30 size fraction 3-200um,https://www.ncbi.nlm.nih.gov/taxonomy/browser/wwwtax.cgi?id=1874687,marine plankton metagenome,metagenome,marine water body [ENVO:00001999],2022-08-30,UMF_Wa_220830,Annie Marie Cox,,no_tide,1,1,5,3,3-200,200,3,true,Niskin,WaSOP1,vacuum pump,2022-08-30,"UMF, A13B passage, -80 freezer",-80,Annie Marie Cox,,,,false,2022-10-10,2022-10-12,-70,2023-06-01,2023-06-01,,,,EMOBON_UMF_Wa_220830_3um_1
EMO BON UMF Wa 220830 3um (2),EMOBON metagenome water sample from station UMF collected on 2022-08-30 size fraction 3-200um,https://www.ncbi.nlm.nih.gov/taxonomy/browser/wwwtax.cgi?id=1874687,marine plankton metagenome,metagenome,marine water body [ENVO:00001999],2022-08-30,UMF_Wa_220830,Annie Marie Cox,,no_tide,1,2,5,3,3-200,200,3,true,Niskin,WaSOP1,vacuum pump,2022-08-30,"UMF, A13B passage, -80 freezer",-80,Annie Marie Cox,,,,false,2022-10-10,2022-10-12,-70,2023-06-01,2023-06-01,,,,EMOBON_UMF_Wa_220830_3um_2
EMO BON UMF Wa 220830 3um (3),EMOBON metagenome water sample from station UMF collected on 2022-08-30 size fraction 3-200um,https://www.ncbi.nlm.nih.gov/taxonomy/browser/wwwtax.cgi?id=1874687,marine plankton metagenome,metagenome,marine water body [ENVO:00001999],2022-08-30,UMF_Wa_220830,Annie Marie Cox,,no_tide,1,3,5,3,3-200,200,3,true,Niskin,WaSOP1,vacuum pump,2022-08-30,"UMF, A13B passage, -80 freezer",-80,Annie Marie Cox,,,,true,NA,NA,NA,NA,NA,NA,NA,NA,EMOBON_UMF_Wa_220830_3um_3
EMO BON UMF Wa 220830 3um (4),EMOBON metagenome water sample from station UMF collected on 2022-08-30 size fraction 3-200um,https://www.ncbi.nlm.nih.gov/taxonomy/browser/wwwtax.cgi?id=1874687,marine plankton metagenome,metagenome,marine water body [ENVO:00001999],2022-08-30,UMF_Wa_220830,Annie Marie Cox,,no_tide,1,4,5,3,3-200,200,3,true,Niskin,WaSOP1,vacuum pump,2022-08-30,"UMF, A13B passage, -80 freezer",-80,Annie Marie Cox,,,,true,NA,NA,NA,NA,NA,NA,NA,NA,EMOBON_UMF_Wa_220830_3um_4
EMO BON UMF Wa 220830 0.2um (1),EMOBON metagenome water sample from station UMF collected on 2022-08-30 size fraction 0.2-3um,https://www.ncbi.nlm.nih.gov/taxonomy/browser/wwwtax.cgi?id=1874687,marine plankton metagenome,metagenome,marine water body [ENVO:00001999],2022-08-30,UMF_Wa_220830,Annie Marie Cox,,no_tide,1,1,5,3,0.2-3,3,0.2,true,Niskin,WaSOP1,vacuum pump,2022-08-30,"UMF, A13B passage, -80 freezer",-80,Annie Marie Cox,,,,false,2022-10-10,2022-10-12,-70,2023-06-01,2023-06-01,,,,EMOBON_UMF_Wa_220830_0.2um_1
EMO BON UMF Wa 220830 0.2um (2),EMOBON metagenome water sample from station UMF collected on 2022-08-30 size fraction 0.2-3um,https://www.ncbi.nlm.nih.gov/taxonomy/browser/wwwtax.cgi?id=1874687,marine plankton metagenome,metagenome,marine water body [ENVO:00001999],2022-08-30,UMF_Wa_220830,Annie Marie Cox,,no_tide,1,2,5,3,0.2-3,3,0.2,true,Niskin,WaSOP1,vacuum pump,2022-08-30,"UMF, A13B passage, -80 freezer",-80,Annie Marie Cox,,,,false,2022-10-10,2022-10-12,-70,2023-06-01,2023-06-01,,,,EMOBON_UMF_Wa_220830_0.2um_2
EMO BON UMF Wa 220830 0.2um (3),EMOBON metagenome water sample from station UMF collected on 2022-08-30 size fraction 0.2-3um,https://www.ncbi.nlm.nih.gov/taxonomy/browser/wwwtax.cgi?id=1874687,marine plankton metagenome,metagenome,marine water body [ENVO:00001999],2022-08-30,UMF_Wa_220830,Annie Marie Cox,,no_tide,1,3,5,3,0.2-3,3,0.2,true,Niskin,WaSOP1,vacuum pump,2022-08-30,"UMF, A13B passage, -80 freezer",-80,Annie Marie Cox,,,,true,NA,NA,NA,NA,NA,NA,NA,NA,EMOBON_UMF_Wa_220830_0.2um_3
EMO BON UMF Wa 220830 0.2um (4),EMOBON metagenome water sample from station UMF collected on 2022-08-30 size fraction 0.2-3um,https://www.ncbi.nlm.nih.gov/taxonomy/browser/wwwtax.cgi?id=1874687,marine plankton metagenome,metagenome,marine water body [ENVO:00001999],2022-08-30,UMF_Wa_220830,Annie Marie Cox,,no_tide,1,4,5,3,0.2-3,3,0.2,true,Niskin,WaSOP1,vacuum pump,2022-08-30,"UMF, A13B passage, -80 freezer",-80,Annie Marie Cox,,,,true,NA,NA,NA,NA,NA,NA,NA,NA,EMOBON_UMF_Wa_220830_0.2um_4
EMO BON UMF Wa 220830 3um (Blank),EMOBON metagenome water sample from station UMF collected on 2022-08-30 size fraction 3-200um,https://www.ncbi.nlm.nih.gov/taxonomy/browser/wwwtax.cgi?id=32644,unidentified,metagenome,marine water body [ENVO:00001999],2022-08-30,UMF_Wa_220830,Annie Marie Cox,,no_tide,NA,blank,5,0,3-200,200,3,false,NA,WaSOP1,vacuum pump,2022-08-30,"UMF, A13B passage, -80 freezer",-80,Annie Marie Cox,,,,true,NA,NA,NA,NA,NA,NA,NA,NA,EMOBON_UMF_Wa_220830_3um_blank
EMO BON UMF Wa 220830 0.22um (Blank),EMOBON metagenome water sample from station UMF collected on 2022-08-30 size fraction 0.2-3um,https://www.ncbi.nlm.nih.gov/taxonomy/browser/wwwtax.cgi?id=32644,unidentified,metagenome,marine water body [ENVO:00001999],2022-08-30,UMF_Wa_220830,Annie Marie Cox,,no_tide,NA,blank,5,0,0.2-3,3,0.2,false,NA,WaSOP1,vacuum pump,2022-08-30,"UMF, A13B passage, -80 freezer",-80,Annie Marie Cox,,,,true,NA,NA,NA,NA,NA,NA,NA,NA,EMOBON_UMF_Wa_220830_0.2um_blank
EMO BON UMF Wa 220830 10um (1),EMOBON metagenome water sample from station UMF collected on 2022-08-30 size fraction 10-2000um,https://www.ncbi.nlm.nih.gov/taxonomy/browser/wwwtax.cgi?id=1874687,marine plankton metagenome,metagenome,marine water body [ENVO:00001999],2022-08-30,UMF_Wa_220830,Annie Marie Cox,,no_tide,,1,0.25,3,2000-10-01 00:00:00,2000,10,false,plankton net,WaSOP2,"net haul, 1-10 m, diluted with water from 1m",2022-08-30,"UMF, A13B passage, -80 freezer",-80,Annie Marie Cox,,,,false,2022-10-10,2022-10-12,-70,2023-06-01,2023-06-01,,,,EMOBON_UMF_Wa_220830_10um_1
EMO BON UMF Wa 220830 10um (2),EMOBON metagenome water sample from station UMF collected on 2022-08-30 size fraction 10-2000um,https://www.ncbi.nlm.nih.gov/taxonomy/browser/wwwtax.cgi?id=1874687,marine plankton metagenome,metagenome,marine water body [ENVO:00001999],2022-08-30,UMF_Wa_220830,Annie Marie Cox,,no_tide,,2,0.25,3,2000-10-01 00:00:00,2000,10,false,plankton net,WaSOP2,"net haul, 1-10 m, diluted with water from 1m",2022-08-30,"UMF, A13B passage, -80 freezer",-80,Annie Marie Cox,,,,false,2022-10-10,2022-10-12,-70,2023-06-01,2023-06-01,,,,EMOBON_UMF_Wa_220830_10um_2
EMO BON UMF Wa 220830 10um (3),EMOBON metagenome water sample from station UMF collected on 2022-08-30 size fraction 10-2000um,https://www.ncbi.nlm.nih.gov/taxonomy/browser/wwwtax.cgi?id=1874687,marine plankton metagenome,metagenome,marine water body [ENVO:00001999],2022-08-30,UMF_Wa_220830,Annie Marie Cox,,no_tide,,3,0.25,3,2000-10-01 00:00:00,2000,10,false,plankton net,WaSOP2,"net haul, 1-10 m, diluted with water from 1m",2022-08-30,"UMF, A13B passage, -80 freezer",-80,Annie Marie Cox,,,,true,NA,NA,NA,NA,NA,NA,NA,NA,EMOBON_UMF_Wa_220830_10um_3
EMO BON UMF Wa 220830 10um (4),EMOBON metagenome water sample from station UMF collected on 2022-08-30 size fraction 10-2000um,https://www.ncbi.nlm.nih.gov/taxonomy/browser/wwwtax.cgi?id=1874687,marine plankton metagenome,metagenome,marine water body [ENVO:00001999],2022-08-30,UMF_Wa_220830,Annie Marie Cox,,no_tide,,4,0.25,3,2000-10-01 00:00:00,2000,10,false,plankton net,WaSOP2,"net haul (10 µm), 1-10 m, diluted with water from 1m",2022-08-30,"UMF, A13B passage, -80 freezer",-80,Annie Marie Cox,,,,true,NA,NA,NA,NA,NA,NA,NA,NA,EMOBON_UMF_Wa_220830_10um_4
EMO BON UMF Wa 220830 10um (blank),EMOBON metagenome water sample from station UMF collected on 2022-08-30 size fraction 10-2000um,https://www.ncbi.nlm.nih.gov/taxonomy/browser/wwwtax.cgi?id=32644,unidentified,metagenome,marine water body [ENVO:00001999],2022-08-30,UMF_Wa_220830,Annie Marie Cox,,no_tide,,blank,0.25,0,2000-10-01 00:00:00,2000,10,false,plankton net,WaSOP2,mq,2022-08-30,"UMF, A13B passage, -80 freezer",-80,Annie Marie Cox,,,,true,NA,NA,NA,NA,NA,NA,NA,NA,EMOBON_UMF_Wa_220830_10um_blank
EMO BON UMF Wa 220830 0.2um_1L,EMOBON metagenome water sample from station UMF collected on 2022-08-30 size fraction 0.2-3um,https://www.ncbi.nlm.nih.gov/taxonomy/browser/wwwtax.cgi?id=1874687,marine plankton metagenome,metagenome,marine water body [ENVO:00001999],2022-08-30,UMF_Wa_220830,Annie Marie Cox,,no_tide,1,1L,1,3,0.2-3,3,0.2,true,Niskin,WaSOP1,vacuum pump,2022-08-30,"UMF, A13B passage, -80 freezer",-80,Annie Marie Cox,,,,false,2022-10-10,2022-10-12,-70,2023-06-01,2023-06-01,,,,EMOBON_UMF_Wa_220830_0.2um_1L
EMO BON UMF Wa 220830 0.2um_2L,EMOBON metagenome water sample from station UMF collected on 2022-08-30 size fraction 0.2-3um,https://www.ncbi.nlm.nih.gov/taxonomy/browser/wwwtax.cgi?id=1874687,marine plankton metagenome,metagenome,marine water body [ENVO:00001999],2022-08-30,UMF_Wa_220830,Annie Marie Cox,,no_tide,1,2L,2,3,0.2-3,3,0.2,true,Niskin,WaSOP1,vacuum pump,2022-08-30,"UMF, A13B passage, -80 freezer",-80,Annie Marie Cox,,,,false,2022-10-10,2022-10-12,-70,2023-06-01,2023-06-01,,,,EMOBON_UMF_Wa_220830_0.2um_2L
EMO BON UMF Wa 220830 0.2um_3L,EMOBON metagenome water sample from station UMF collected on 2022-08-30 size fraction 0.2-3um,https://www.ncbi.nlm.nih.gov/taxonomy/browser/wwwtax.cgi?id=1874687,marine plankton metagenome,metagenome,marine water body [ENVO:00001999],2022-08-30,UMF_Wa_220830,Annie Marie Cox,,no_tide,1,3L,3,3,0.2-3,3,0.2,true,Niskin,WaSOP1,vacuum pump,2022-08-30,"UMF, A13B passage, -80 freezer",-80,Annie Marie Cox,,,,false,2022-10-10,2022-10-12,-70,2023-06-01,2023-06-01,,,,EMOBON_UMF_Wa_220830_0.2um_3L
EMO BON UMF Wa 220830 0.2um_4L,EMOBON metagenome water sample from station UMF collected on 2022-08-30 size fraction 0.2-3um,https://www.ncbi.nlm.nih.gov/taxonomy/browser/wwwtax.cgi?id=1874687,marine plankton metagenome,metagenome,marine water body [ENVO:00001999],2022-08-30,UMF_Wa_220830,Annie Marie Cox,,no_tide,1,4L,4,3,0.2-3,3,0.2,true,Niskin,WaSOP1,vacuum pump,2022-08-30,"UMF, A13B passage, -80 freezer",-80,Annie Marie Cox,,,,false,2022-10-10,2022-10-12,-70,2023-06-01,2023-06-01,,,,EMOBON_UMF_Wa_220830_0.2um_4L
EMO BON UMF Wa 221025 3um (1),EMOBON metagenome water sample from station UMF collected on 2022-10-25 size fraction 3-200um,https://www.ncbi.nlm.nih.gov/taxonomy/browser/wwwtax.cgi?id=1874687,marine plankton metagenome,metagenome,marine water body [ENVO:00001999],2022-10-25,UMF_Wa_221025,Annie Marie Cox,,no_tide,1,1,5,1,3-200,200,3,true,Niskin,WaSOP1,vacuum pump,2022-10-25,"UMF, A13B passage, -80 freezer",-80,Annie Marie Cox,,,,false,2023-06-12,2023-06-14,-70,,,,,,EMOBON_UMF_Wa_221025_3um_1
EMO BON UMF Wa 221025 3um (2),EMOBON metagenome water sample from station UMF collected on 2022-10-25 size fraction 3-200um,https://www.ncbi.nlm.nih.gov/taxonomy/browser/wwwtax.cgi?id=1874687,marine plankton metagenome,metagenome,marine water body [ENVO:00001999],2022-10-25,UMF_Wa_221025,Annie Marie Cox,,no_tide,1,2,5,1,3-200,200,3,true,Niskin,WaSOP1,vacuum pump,2022-10-25,"UMF, A13B passage, -80 freezer",-80,Annie Marie Cox,,,,false,2023-06-12,2023-06-14,-70,,,,,,EMOBON_UMF_Wa_221025_3um_2
EMO BON UMF Wa 221025 3um (3),EMOBON metagenome water sample from station UMF collected on 2022-10-25 size fraction 3-200um,https://www.ncbi.nlm.nih.gov/taxonomy/browser/wwwtax.cgi?id=1874687,marine plankton metagenome,metagenome,marine water body [ENVO:00001999],2022-10-25,UMF_Wa_221025,Annie Marie Cox,,no_tide,1,3,5,1,3-200,200,3,true,Niskin,WaSOP1,vacuum pump,2022-10-25,"UMF, A13B passage, -80 freezer",-80,Annie Marie Cox,,,,true,NA,NA,NA,NA,NA,NA,NA,NA,EMOBON_UMF_Wa_221025_3um_3
EMO BON UMF Wa 221025 3um (4),EMOBON metagenome water sample from station UMF collected on 2022-10-25 size fraction 3-200um,https://www.ncbi.nlm.nih.gov/taxonomy/browser/wwwtax.cgi?id=1874687,marine plankton metagenome,metagenome,marine water body [ENVO:00001999],2022-10-25,UMF_Wa_221025,Annie Marie Cox,,no_tide,1,4,5,1,3-200,200,3,true,Niskin,WaSOP1,vacuum pump,2022-10-25,"UMF, A13B passage, -80 freezer",-80,Annie Marie Cox,,,,true,NA,NA,NA,NA,NA,NA,NA,NA,EMOBON_UMF_Wa_221025_3um_4
EMO BON UMF Wa 221025 0.2um (1),EMOBON metagenome water sample from station UMF collected on 2022-10-25 size fraction 0.2-3um,https://www.ncbi.nlm.nih.gov/taxonomy/browser/wwwtax.cgi?id=1874687,marine plankton metagenome,metagenome,marine water body [ENVO:00001999],2022-10-25,UMF_Wa_221025,Annie Marie Cox,,no_tide,1,1,3.18,1,0.2-3,3,0.2,true,Niskin,WaSOP1,vacuum pump,2022-10-25,"UMF, A13B passage, -80 freezer",-80,Annie Marie Cox,,,,false,2023-06-12,2023-06-14,-70,,,,,,EMOBON_UMF_Wa_221025_0.2um_1
EMO BON UMF Wa 221025 0.2um (2),EMOBON metagenome water sample from station UMF collected on 2022-10-25 size fraction 0.2-3um,https://www.ncbi.nlm.nih.gov/taxonomy/browser/wwwtax.cgi?id=1874687,marine plankton metagenome,metagenome,marine water body [ENVO:00001999],2022-10-25,UMF_Wa_221025,Annie Marie Cox,,no_tide,1,2,3.18,1,0.2-3,3,0.2,true,Niskin,WaSOP1,vacuum pump,2022-10-25,"UMF, A13B passage, -80 freezer",-80,Annie Marie Cox,,,,false,2023-06-12,2023-06-14,-70,,,,,,EMOBON_UMF_Wa_221025_0.2um_2
EMO BON UMF Wa 221025 0.2um (3),EMOBON metagenome water sample from station UMF collected on 2022-10-25 size fraction 0.2-3um,https://www.ncbi.nlm.nih.gov/taxonomy/browser/wwwtax.cgi?id=1874687,marine plankton metagenome,metagenome,marine water body [ENVO:00001999],2022-10-25,UMF_Wa_221025,Annie Marie Cox,,no_tide,1,3,2.47,1,0.2-3,3,0.2,true,Niskin,WaSOP1,vacuum pump,2022-10-25,"UMF, A13B passage, -80 freezer",-80,Annie Marie Cox,,,,true,NA,NA,NA,NA,NA,NA,NA,NA,EMOBON_UMF_Wa_221025_0.2um_3
EMO BON UMF Wa 221025 0.2um (4),EMOBON metagenome water sample from station UMF collected on 2022-10-25 size fraction 0.2-3um,https://www.ncbi.nlm.nih.gov/taxonomy/browser/wwwtax.cgi?id=1874687,marine plankton metagenome,metagenome,marine water body [ENVO:00001999],2022-10-25,UMF_Wa_221025,Annie Marie Cox,,no_tide,1,4,2.47,1,0.2-3,3,0.2,true,Niskin,WaSOP1,vacuum pump,2022-10-25,"UMF, A13B passage, -80 freezer",-80,Annie Marie Cox,,,,true,NA,NA,NA,NA,NA,NA,NA,NA,EMOBON_UMF_Wa_221025_0.2um_4
EMO BON UMF Wa 221025 3um (Blank),EMOBON metagenome water sample from station UMF collected on 2022-10-25 size fraction 3-200um,https://www.ncbi.nlm.nih.gov/taxonomy/browser/wwwtax.cgi?id=32644,unidentified,metagenome,marine water body [ENVO:00001999],2022-10-25,UMF_Wa_221025,Annie Marie Cox,,no_tide,NA,blank,5,0,3-200,200,3,false,NA,WaSOP1,vacuum pump,2022-10-25,"UMF, A13B passage, -80 freezer",-80,Annie Marie Cox,,,,true,NA,NA,NA,NA,NA,NA,NA,NA,EMOBON_UMF_Wa_221025_3um_blank
EMO BON UMF Wa 221025 0.22um (Blank),EMOBON metagenome water sample from station UMF collected on 2022-10-25 size fraction 0.2-3um,https://www.ncbi.nlm.nih.gov/taxonomy/browser/wwwtax.cgi?id=32644,unidentified,metagenome,marine water body [ENVO:00001999],2022-10-25,UMF_Wa_221025,Annie Marie Cox,,no_tide,NA,blank,5,0,0.2-3,3,0.2,false,NA,WaSOP1,vacuum pump,2022-10-25,"UMF, A13B passage, -80 freezer",-80,Annie Marie Cox,,,,true,NA,NA,NA,NA,NA,NA,NA,NA,EMOBON_UMF_Wa_221025_0.2um_blank
EMO BON UMF Wa 221025 10um (1),EMOBON metagenome water sample from station UMF collected on 2022-10-25 size fraction 10-2000um,https://www.ncbi.nlm.nih.gov/taxonomy/browser/wwwtax.cgi?id=1874687,marine plankton metagenome,metagenome,marine water body [ENVO:00001999],2022-10-25,UMF_Wa_221025,Annie Marie Cox,,no_tide,,1,0.25,2,2000-10-01 00:00:00,2000,10,false,plankton net,WaSOP2,"net haul, 1-10 m, diluted with water from 1m",2022-10-25,"UMF, A13B passage, -80 freezer",-80,Annie Marie Cox,,,,true,NA,NA,NA,NA,NA,NA,NA,NA,EMOBON_UMF_Wa_221025_10um_1
EMO BON UMF Wa 221025 10um (2),EMOBON metagenome water sample from station UMF collected on 2022-10-25 size fraction 10-2000um,https://www.ncbi.nlm.nih.gov/taxonomy/browser/wwwtax.cgi?id=1874687,marine plankton metagenome,metagenome,marine water body [ENVO:00001999],2022-10-25,UMF_Wa_221025,Annie Marie Cox,,no_tide,,2,0.25,2,2000-10-01 00:00:00,2000,10,false,plankton net,WaSOP2,"net haul, 1-10 m, diluted with water from 1m",2022-10-25,"UMF, A13B passage, -80 freezer",-80,Annie Marie Cox,,,,true,NA,NA,NA,NA,NA,NA,NA,NA,EMOBON_UMF_Wa_221025_10um_2
EMO BON UMF Wa 221025 10um (3),EMOBON metagenome water sample from station UMF collected on 2022-10-25 size fraction 10-2000um,https://www.ncbi.nlm.nih.gov/taxonomy/browser/wwwtax.cgi?id=1874687,marine plankton metagenome,metagenome,marine water body [ENVO:00001999],2022-10-25,UMF_Wa_221025,Annie Marie Cox,,no_tide,,3,0.25,2,2000-10-01 00:00:00,2000,10,false,plankton net,WaSOP2,"net haul, 1-10 m, diluted with water from 1m",2022-10-25,"UMF, A13B passage, -80 freezer",-80,Annie Marie Cox,,,,true,NA,NA,NA,NA,NA,NA,NA,NA,EMOBON_UMF_Wa_221025_10um_3
EMO BON UMF Wa 221025 10um (4),EMOBON metagenome water sample from station UMF collected on 2022-10-25 size fraction 10-2000um,https://www.ncbi.nlm.nih.gov/taxonomy/browser/wwwtax.cgi?id=1874687,marine plankton metagenome,metagenome,marine water body [ENVO:00001999],2022-10-25,UMF_Wa_221025,Annie Marie Cox,,no_tide,,4,0.25,2,2000-10-01 00:00:00,2000,10,false,plankton net,WaSOP2,"net haul (10 µm), 1-10 m, diluted with water from 1m",2022-10-25,"UMF, A13B passage, -80 freezer",-80,Annie Marie Cox,,,,true,NA,NA,NA,NA,NA,NA,NA,NA,EMOBON_UMF_Wa_221025_10um_4
EMO BON UMF Wa 221025 10um (blank),EMOBON metagenome water sample from station UMF collected on 2022-10-25 size fraction 10-2000um,https://www.ncbi.nlm.nih.gov/taxonomy/browser/wwwtax.cgi?id=32644,unidentified,metagenome,marine water body [ENVO:00001999],2022-10-25,UMF_Wa_221025,Annie Marie Cox,,no_tide,,blank,0.25,0,2000-10-01 00:00:00,2000,10,false,plankton net,WaSOP2,mq,2022-10-25,"UMF, A13B passage, -80 freezer",-80,Annie Marie Cox,,,,true,NA,NA,NA,NA,NA,NA,NA,NA,EMOBON_UMF_Wa_221025_10um_blank
EMO BON UMF Wa 221201 3um (1),EMOBON metagenome water sample from station UMF collected on 2022-12-01 size fraction 3-200um,https://www.ncbi.nlm.nih.gov/taxonomy/browser/wwwtax.cgi?id=1874687,marine plankton metagenome,metagenome,marine water body [ENVO:00001999],2022-12-01,UMF_Wa_221201,Annie Marie Cox,,no_tide,1,1,5,1,3-200,200,3,true,Niskin,WaSOP1,vacuum pump,2022-12-01,"UMF, A13B passage, -80 freezer",-80,Annie Marie Cox,,,,false,2023-06-12,2023-06-14,-70,,,,,,EMOBON_UMF_Wa_221201_3um_1
EMO BON UMF Wa 221201 3um (2),EMOBON metagenome water sample from station UMF collected on 2022-12-01 size fraction 3-200um,https://www.ncbi.nlm.nih.gov/taxonomy/browser/wwwtax.cgi?id=1874687,marine plankton metagenome,metagenome,marine water body [ENVO:00001999],2022-12-01,UMF_Wa_221201,Annie Marie Cox,,no_tide,1,2,5,1,3-200,200,3,true,Niskin,WaSOP1,vacuum pump,2022-12-01,"UMF, A13B passage, -80 freezer",-80,Annie Marie Cox,,,,false,2023-06-12,2023-06-14,-70,,,,,,EMOBON_UMF_Wa_221201_3um_2
EMO BON UMF Wa 221201 3um (3),EMOBON metagenome water sample from station UMF collected on 2022-12-01 size fraction 3-200um,https://www.ncbi.nlm.nih.gov/taxonomy/browser/wwwtax.cgi?id=1874687,marine plankton metagenome,metagenome,marine water body [ENVO:00001999],2022-12-01,UMF_Wa_221201,Annie Marie Cox,,no_tide,1,3,5,1,3-200,200,3,true,Niskin,WaSOP1,vacuum pump,2022-12-01,"UMF, A13B passage, -80 freezer",-80,Annie Marie Cox,,,,true,NA,NA,NA,NA,NA,NA,NA,NA,EMOBON_UMF_Wa_221201_3um_3
EMO BON UMF Wa 221201 3um (4),EMOBON metagenome water sample from station UMF collected on 2022-12-01 size fraction 3-200um,https://www.ncbi.nlm.nih.gov/taxonomy/browser/wwwtax.cgi?id=1874687,marine plankton metagenome,metagenome,marine water body [ENVO:00001999],2022-12-01,UMF_Wa_221201,Annie Marie Cox,,no_tide,1,4,5,1,3-200,200,3,true,Niskin,WaSOP1,vacuum pump,2022-12-01,"UMF, A13B passage, -80 freezer",-80,Annie Marie Cox,,,,true,NA,NA,NA,NA,NA,NA,NA,NA,EMOBON_UMF_Wa_221201_3um_4
EMO BON UMF Wa 221201 0.2um (1),EMOBON metagenome water sample from station UMF collected on 2022-12-01 size fraction 0.2-3um,https://www.ncbi.nlm.nih.gov/taxonomy/browser/wwwtax.cgi?id=1874687,marine plankton metagenome,metagenome,marine water body [ENVO:00001999],2022-12-01,UMF_Wa_221201,Annie Marie Cox,,no_tide,1,1,3.92,1,0.2-3,3,0.2,true,Niskin,WaSOP1,vacuum pump,2022-12-01,"UMF, A13B passage, -80 freezer",-80,Annie Marie Cox,,,,false,2023-06-12,2023-06-14,-70,,,,,,EMOBON_UMF_Wa_221201_0.2um_1
EMO BON UMF Wa 221201 0.2um (2),EMOBON metagenome water sample from station UMF collected on 2022-12-01 size fraction 0.2-3um,https://www.ncbi.nlm.nih.gov/taxonomy/browser/wwwtax.cgi?id=1874687,marine plankton metagenome,metagenome,marine water body [ENVO:00001999],2022-12-01,UMF_Wa_221201,Annie Marie Cox,,no_tide,1,2,3.92,1,0.2-3,3,0.2,true,Niskin,WaSOP1,vacuum pump,2022-12-01,"UMF, A13B passage, -80 freezer",-80,Annie Marie Cox,,,,false,2023-06-12,2023-06-14,-70,,,,,,EMOBON_UMF_Wa_221201_0.2um_2
EMO BON UMF Wa 221201 0.2um (3),EMOBON metagenome water sample from station UMF collected on 2022-12-01 size fraction 0.2-3um,https://www.ncbi.nlm.nih.gov/taxonomy/browser/wwwtax.cgi?id=1874687,marine plankton metagenome,metagenome,marine water body [ENVO:00001999],2022-12-01,UMF_Wa_221201,Annie Marie Cox,,no_tide,1,3,3.7,1,0.2-3,3,0.2,true,Niskin,WaSOP1,vacuum pump,2022-12-01,"UMF, A13B passage, -80 freezer",-80,Annie Marie Cox,,,,true,NA,NA,NA,NA,NA,NA,NA,NA,EMOBON_UMF_Wa_221201_0.2um_3
EMO BON UMF Wa 221201 0.2um (4),EMOBON metagenome water sample from station UMF collected on 2022-12-01 size fraction 0.2-3um,https://www.ncbi.nlm.nih.gov/taxonomy/browser/wwwtax.cgi?id=1874687,marine plankton metagenome,metagenome,marine water body [ENVO:00001999],2022-12-01,UMF_Wa_221201,Annie Marie Cox,,no_tide,1,4,3.7,1,0.2-3,3,0.2,true,Niskin,WaSOP1,vacuum pump,2022-12-01,"UMF, A13B passage, -80 freezer",-80,Annie Marie Cox,,,,true,NA,NA,NA,NA,NA,NA,NA,NA,EMOBON_UMF_Wa_221201_0.2um_4
EMO BON UMF Wa 221201 3um (Blank),EMOBON metagenome water sample from station UMF collected on 2022-12-01 size fraction 3-200um,https://www.ncbi.nlm.nih.gov/taxonomy/browser/wwwtax.cgi?id=32644,unidentified,metagenome,marine water body [ENVO:00001999],2022-12-01,UMF_Wa_221201,Annie Marie Cox,,no_tide,NA,blank,5,0,3-200,200,3,false,NA,WaSOP1,vacuum pump,2022-12-01,"UMF, A13B passage, -80 freezer",-80,Annie Marie Cox,,,,true,NA,NA,NA,NA,NA,NA,NA,NA,EMOBON_UMF_Wa_221201_3um_blank
EMO BON UMF Wa 221201 0.22um (Blank),EMOBON metagenome water sample from station UMF collected on 2022-12-01 size fraction 0.2-3um,https://www.ncbi.nlm.nih.gov/taxonomy/browser/wwwtax.cgi?id=32644,unidentified,metagenome,marine water body [ENVO:00001999],2022-12-01,UMF_Wa_221201,Annie Marie Cox,,no_tide,NA,blank,5,0,0.2-3,3,0.2,false,NA,WaSOP1,vacuum pump,2022-12-01,"UMF, A13B passage, -80 freezer",-80,Annie Marie Cox,,,,true,NA,NA,NA,NA,NA,NA,NA,NA,EMOBON_UMF_Wa_221201_0.2um_blank
EMO BON UMF Wa 221201 10um (1),EMOBON metagenome water sample from station UMF collected on 2022-12-01 size fraction 10-2000um,https://www.ncbi.nlm.nih.gov/taxonomy/browser/wwwtax.cgi?id=1874687,marine plankton metagenome,metagenome,marine water body [ENVO:00001999],2022-12-01,UMF_Wa_221201,Annie Marie Cox,,no_tide,,1,0.25,2,2000-10-01 00:00:00,2000,10,false,plankton net,WaSOP2,"net haul, 1-10 m, diluted with water from 1m",2022-12-01,"UMF, A13B passage, -80 freezer",-80,Annie Marie Cox,,,,true,NA,NA,NA,NA,NA,NA,NA,NA,EMOBON_UMF_Wa_221201_10um_1
EMO BON UMF Wa 221201 10um (2),EMOBON metagenome water sample from station UMF collected on 2022-12-01 size fraction 10-2000um,https://www.ncbi.nlm.nih.gov/taxonomy/browser/wwwtax.cgi?id=1874687,marine plankton metagenome,metagenome,marine water body [ENVO:00001999],2022-12-01,UMF_Wa_221201,Annie Marie Cox,,no_tide,,2,0.25,2,2000-10-01 00:00:00,2000,10,false,plankton net,WaSOP2,"net haul, 1-10 m, diluted with water from 1m",2022-12-01,"UMF, A13B passage, -80 freezer",-80,Annie Marie Cox,,,,true,NA,NA,NA,NA,NA,NA,NA,NA,EMOBON_UMF_Wa_221201_10um_2
EMO BON UMF Wa 221201 10um (3),EMOBON metagenome water sample from station UMF collected on 2022-12-01 size fraction 10-2000um,https://www.ncbi.nlm.nih.gov/taxonomy/browser/wwwtax.cgi?id=1874687,marine plankton metagenome,metagenome,marine water body [ENVO:00001999],2022-12-01,UMF_Wa_221201,Annie Marie Cox,,no_tide,,3,0.25,2,2000-10-01 00:00:00,2000,10,false,plankton net,WaSOP2,"net haul, 1-10 m, diluted with water from 1m",2022-12-01,"UMF, A13B passage, -80 freezer",-80,Annie Marie Cox,,,,true,NA,NA,NA,NA,NA,NA,NA,NA,EMOBON_UMF_Wa_221201_10um_3
EMO BON UMF Wa 221201 10um (4),EMOBON metagenome water sample from station UMF collected on 2022-12-01 size fraction 10-2000um,https://www.ncbi.nlm.nih.gov/taxonomy/browser/wwwtax.cgi?id=1874687,marine plankton metagenome,metagenome,marine water body [ENVO:00001999],2022-12-01,UMF_Wa_221201,Annie Marie Cox,,no_tide,,4,0.25,2,2000-10-01 00:00:00,2000,10,false,plankton net,WaSOP2,"net haul (10 µm), 1-10 m, diluted with water from 1m",2022-12-01,"UMF, A13B passage, -80 freezer",-80,Annie Marie Cox,,,,true,NA,NA,NA,NA,NA,NA,NA,NA,EMOBON_UMF_Wa_221201_10um_4
EMO BON UMF Wa 221201 10um (blank),EMOBON metagenome water sample from station UMF collected on 2022-12-01 size fraction 10-2000um,https://www.ncbi.nlm.nih.gov/taxonomy/browser/wwwtax.cgi?id=32644,unidentified,metagenome,marine water body [ENVO:00001999],2022-12-01,UMF_Wa_221201,Annie Marie Cox,,no_tide,,blank,0.25,0,2000-10-01 00:00:00,2000,10,false,plankton net,WaSOP2,mq,2022-12-01,"UMF, A13B passage, -80 freezer",-80,Annie Marie Cox,,,,true,NA,NA,NA,NA,NA,NA,NA,NA,EMOBON_UMF_Wa_221201_10um_blank
EMO BON UMF Wa 230228 3um (1),EMOBON metagenome water sample from station UMF collected on 2023-02-28 size fraction 3-200um,https://www.ncbi.nlm.nih.gov/taxonomy/browser/wwwtax.cgi?id=1874687,marine plankton metagenome,metagenome,marine water body [ENVO:00001999],2023-02-28,UMF_Wa_230228,Annie Marie Cox,,no_tide,1,1,5,1,3-200,200,3,true,Niskin,WaSOP1,vacuum pump,2023-02-28,"UMF, A13B passage, -80 freezer",-80,Annie Marie Cox,,,,false,2023-06-12,2023-06-14,-70,,,,,,EMOBON_UMF_Wa_230228_3um_1
EMO BON UMF Wa 230228 3um (2),EMOBON metagenome water sample from station UMF collected on 2023-02-28 size fraction 3-200um,https://www.ncbi.nlm.nih.gov/taxonomy/browser/wwwtax.cgi?id=1874687,marine plankton metagenome,metagenome,marine water body [ENVO:00001999],2023-02-28,UMF_Wa_230228,Annie Marie Cox,,no_tide,1,2,5,1,3-200,200,3,true,Niskin,WaSOP1,vacuum pump,2023-02-28,"UMF, A13B passage, -80 freezer",-80,Annie Marie Cox,,,,false,2023-06-12,2023-06-14,-70,,,,,,EMOBON_UMF_Wa_230228_3um_2
EMO BON UMF Wa 230228 3um (3),EMOBON metagenome water sample from station UMF collected on 2023-02-28 size fraction 3-200um,https://www.ncbi.nlm.nih.gov/taxonomy/browser/wwwtax.cgi?id=1874687,marine plankton metagenome,metagenome,marine water body [ENVO:00001999],2023-02-28,UMF_Wa_230228,Annie Marie Cox,,no_tide,1,3,5,1,3-200,200,3,true,Niskin,WaSOP1,vacuum pump,2023-02-28,"UMF, A13B passage, -80 freezer",-80,Annie Marie Cox,,,,true,NA,NA,NA,NA,NA,NA,NA,NA,EMOBON_UMF_Wa_230228_3um_3
EMO BON UMF Wa 230228 3um (4),EMOBON metagenome water sample from station UMF collected on 2023-02-28 size fraction 3-200um,https://www.ncbi.nlm.nih.gov/taxonomy/browser/wwwtax.cgi?id=1874687,marine plankton metagenome,metagenome,marine water body [ENVO:00001999],2023-02-28,UMF_Wa_230228,Annie Marie Cox,,no_tide,1,4,5,1,3-200,200,3,true,Niskin,WaSOP1,vacuum pump,2023-02-28,"UMF, A13B passage, -80 freezer",-80,Annie Marie Cox,,,,true,NA,NA,NA,NA,NA,NA,NA,NA,EMOBON_UMF_Wa_230228_3um_4
EMO BON UMF Wa 230228 0.2um (1),EMOBON metagenome water sample from station UMF collected on 2023-02-28 size fraction 0.2-3um,https://www.ncbi.nlm.nih.gov/taxonomy/browser/wwwtax.cgi?id=1874687,marine plankton metagenome,metagenome,marine water body [ENVO:00001999],2023-02-28,UMF_Wa_230228,Annie Marie Cox,,no_tide,1,1,5,1,0.2-3,3,0.2,true,Niskin,WaSOP1,vacuum pump,2023-02-28,"UMF, A13B passage, -80 freezer",-80,Annie Marie Cox,,,,false,2023-06-12,2023-06-14,-70,,,,,,EMOBON_UMF_Wa_230228_0.2um_1
EMO BON UMF Wa 230228 0.2um (2),EMOBON metagenome water sample from station UMF collected on 2023-02-28 size fraction 0.2-3um,https://www.ncbi.nlm.nih.gov/taxonomy/browser/wwwtax.cgi?id=1874687,marine plankton metagenome,metagenome,marine water body [ENVO:00001999],2023-02-28,UMF_Wa_230228,Annie Marie Cox,,no_tide,1,2,5,1,0.2-3,3,0.2,true,Niskin,WaSOP1,vacuum pump,2023-02-28,"UMF, A13B passage, -80 freezer",-80,Annie Marie Cox,,,,false,2023-06-12,2023-06-14,-70,,,,,,EMOBON_UMF_Wa_230228_0.2um_2
EMO BON UMF Wa 230228 0.2um (3),EMOBON metagenome water sample from station UMF collected on 2023-02-28 size fraction 0.2-3um,https://www.ncbi.nlm.nih.gov/taxonomy/browser/wwwtax.cgi?id=1874687,marine plankton metagenome,metagenome,marine water body [ENVO:00001999],2023-02-28,UMF_Wa_230228,Annie Marie Cox,,no_tide,1,3,5,1,0.2-3,3,0.2,true,Niskin,WaSOP1,vacuum pump,2023-02-28,"UMF, A13B passage, -80 freezer",-80,Annie Marie Cox,,,,true,NA,NA,NA,NA,NA,NA,NA,NA,EMOBON_UMF_Wa_230228_0.2um_3
EMO BON UMF Wa 230228 0.2um (4),EMOBON metagenome water sample from station UMF collected on 2023-02-28 size fraction 0.2-3um,https://www.ncbi.nlm.nih.gov/taxonomy/browser/wwwtax.cgi?id=1874687,marine plankton metagenome,metagenome,marine water body [ENVO:00001999],2023-02-28,UMF_Wa_230228,Annie Marie Cox,,no_tide,1,4,5,1,0.2-3,3,0.2,true,Niskin,WaSOP1,vacuum pump,2023-02-28,"UMF, A13B passage, -80 freezer",-80,Annie Marie Cox,,,,true,NA,NA,NA,NA,NA,NA,NA,NA,EMOBON_UMF_Wa_230228_0.2um_4
EMO BON UMF Wa 230228 3um (Blank),EMOBON metagenome water sample from station UMF collected on 2023-02-28 size fraction 3-200um,https://www.ncbi.nlm.nih.gov/taxonomy/browser/wwwtax.cgi?id=32644,unidentified,metagenome,marine water body [ENVO:00001999],2023-02-28,UMF_Wa_230228,Annie Marie Cox,,no_tide,NA,blank,5,0,3-200,200,3,false,NA,WaSOP1,vacuum pump,2023-02-28,"UMF, A13B passage, -80 freezer",-80,Annie Marie Cox,,,,true,NA,NA,NA,NA,NA,NA,NA,NA,EMOBON_UMF_Wa_230228_3um_blank
EMO BON UMF Wa 230228 0.22um (Blank),EMOBON metagenome water sample from station UMF collected on 2023-02-28 size fraction 0.2-3um,https://www.ncbi.nlm.nih.gov/taxonomy/browser/wwwtax.cgi?id=32644,unidentified,metagenome,marine water body [ENVO:00001999],2023-02-28,UMF_Wa_230228,Annie Marie Cox,,no_tide,NA,blank,5,0,0.2-3,3,0.2,false,NA,WaSOP1,vacuum pump,2023-02-28,"UMF, A13B passage, -80 freezer",-80,Annie Marie Cox,,,,true,NA,NA,NA,NA,NA,NA,NA,NA,EMOBON_UMF_Wa_230228_0.2um_blank
EMO BON UMF Wa 230228 10um (1),EMOBON metagenome water sample from station UMF collected on 2023-02-28 size fraction 10-2000um,https://www.ncbi.nlm.nih.gov/taxonomy/browser/wwwtax.cgi?id=1874687,marine plankton metagenome,metagenome,marine water body [ENVO:00001999],2023-02-28,UMF_Wa_230228,Annie Marie Cox,,no_tide,,1,0.25,2,2000-10-01 00:00:00,2000,10,false,plankton net,WaSOP2,"hose, 1-10 m, diluted with water from 1m",2023-02-28,"UMF, A13B passage, -80 freezer",-80,Annie Marie Cox,,,,true,NA,NA,NA,NA,NA,NA,NA,NA,EMOBON_UMF_Wa_230228_10um_1
EMO BON UMF Wa 230228 10um (2),EMOBON metagenome water sample from station UMF collected on 2023-02-28 size fraction 10-2000um,https://www.ncbi.nlm.nih.gov/taxonomy/browser/wwwtax.cgi?id=1874687,marine plankton metagenome,metagenome,marine water body [ENVO:00001999],2023-02-28,UMF_Wa_230228,Annie Marie Cox,,no_tide,,2,0.25,2,2000-10-01 00:00:00,2000,10,false,plankton net,WaSOP2,"hose, 1-10 m, diluted with water from 1m",2023-02-28,"UMF, A13B passage, -80 freezer",-80,Annie Marie Cox,,,,true,NA,NA,NA,NA,NA,NA,NA,NA,EMOBON_UMF_Wa_230228_10um_2
EMO BON UMF Wa 230228 10um (3),EMOBON metagenome water sample from station UMF collected on 2023-02-28 size fraction 10-2000um,https://www.ncbi.nlm.nih.gov/taxonomy/browser/wwwtax.cgi?id=1874687,marine plankton metagenome,metagenome,marine water body [ENVO:00001999],2023-02-28,UMF_Wa_230228,Annie Marie Cox,,no_tide,,3,0.25,2,2000-10-01 00:00:00,2000,10,false,plankton net,WaSOP2,"hose, 1-10 m, diluted with water from 1m",2023-02-28,"UMF, A13B passage, -80 freezer",-80,Annie Marie Cox,,,,true,NA,NA,NA,NA,NA,NA,NA,NA,EMOBON_UMF_Wa_230228_10um_3
EMO BON UMF Wa 230228 10um (4),EMOBON metagenome water sample from station UMF collected on 2023-02-28 size fraction 10-2000um,https://www.ncbi.nlm.nih.gov/taxonomy/browser/wwwtax.cgi?id=1874687,marine plankton metagenome,metagenome,marine water body [ENVO:00001999],2023-02-28,UMF_Wa_230228,Annie Marie Cox,,no_tide,,4,0.23,2,2000-10-01 00:00:00,2000,10,false,plankton net,WaSOP2,"hose, 1-10 m, diluted with water from 1m",2023-02-28,"UMF, A13B passage, -80 freezer",-80,Annie Marie Cox,,,,true,NA,NA,NA,NA,NA,NA,NA,NA,EMOBON_UMF_Wa_230228_10um_4
EMO BON UMF Wa 230228 10um (blank),EMOBON metagenome water sample from station UMF collected on 2023-02-28 size fraction 10-2000um,https://www.ncbi.nlm.nih.gov/taxonomy/browser/wwwtax.cgi?id=32644,unidentified,metagenome,marine water body [ENVO:00001999],2023-02-28,UMF_Wa_230228,Annie Marie Cox,,no_tide,,blank,0.25,0,2000-10-01 00:00:00,2000,10,false,plankton net,WaSOP2,mq,2023-02-28,"UMF, A13B passage, -80 freezer",-80,Annie Marie Cox,,,,true,NA,NA,NA,NA,NA,NA,NA,NA,EMOBON_UMF_Wa_230228_10um_blank
EMO BON UMF Wa 230412 3um (1),EMOBON metagenome water sample from station UMF collected on 2023-04-12 size fraction 3-200um,https://www.ncbi.nlm.nih.gov/taxonomy/browser/wwwtax.cgi?id=1874687,marine plankton metagenome,metagenome,marine water body [ENVO:00001999],2023-04-12,UMF_Wa_230412,Annie Marie Cox,,no_tide,1,1,5,1,3-200,200,3,true,Ruttner,WaSOP1,vacuum pump,2023-04-12,"UMF, A13B passage, -80 freezer",-80,Annie Marie Cox,,,,false,NA,NA,NA,NA,NA,NA,NA,NA,EMOBON_UMF_Wa_230412_3um_1
EMO BON UMF Wa 230412 3um (2),EMOBON metagenome water sample from station UMF collected on 2023-04-12 size fraction 3-200um,https://www.ncbi.nlm.nih.gov/taxonomy/browser/wwwtax.cgi?id=1874687,marine plankton metagenome,metagenome,marine water body [ENVO:00001999],2023-04-12,UMF_Wa_230412,Annie Marie Cox,,no_tide,1,2,5,1,3-200,200,3,true,Ruttner,WaSOP1,vacuum pump,2023-04-12,"UMF, A13B passage, -80 freezer",-80,Annie Marie Cox,,,,false,NA,NA,NA,NA,NA,NA,NA,NA,EMOBON_UMF_Wa_230412_3um_2
EMO BON UMF Wa 230412 3um (3),EMOBON metagenome water sample from station UMF collected on 2023-04-12 size fraction 3-200um,https://www.ncbi.nlm.nih.gov/taxonomy/browser/wwwtax.cgi?id=1874687,marine plankton metagenome,metagenome,marine water body [ENVO:00001999],2023-04-12,UMF_Wa_230412,Annie Marie Cox,,no_tide,1,3,5,3,3-200,200,3,true,Ruttner,WaSOP1,vacuum pump,2023-04-12,"UMF, A13B passage, -80 freezer",-80,Annie Marie Cox,,,,true,2023-06-12,2023-06-14,-70,,,,,,EMOBON_UMF_Wa_230412_3um_3
EMO BON UMF Wa 230412 3um (4),EMOBON metagenome water sample from station UMF collected on 2023-04-12 size fraction 3-200um,https://www.ncbi.nlm.nih.gov/taxonomy/browser/wwwtax.cgi?id=1874687,marine plankton metagenome,metagenome,marine water body [ENVO:00001999],2023-04-12,UMF_Wa_230412,Annie Marie Cox,,no_tide,1,4,5,3,3-200,200,3,true,Ruttner,WaSOP1,vacuum pump,2023-04-12,"UMF, A13B passage, -80 freezer",-80,Annie Marie Cox,,,,true,2023-06-12,2023-06-14,-70,,,,,,EMOBON_UMF_Wa_230412_3um_4
EMO BON UMF Wa 230412 0.2um (1),EMOBON metagenome water sample from station UMF collected on 2023-04-12 size fraction 0.2-3um,https://www.ncbi.nlm.nih.gov/taxonomy/browser/wwwtax.cgi?id=1874687,marine plankton metagenome,metagenome,marine water body [ENVO:00001999],2023-04-12,UMF_Wa_230412,Annie Marie Cox,,no_tide,1,1,3.39,1,0.2-3,3,0.2,true,Ruttner,WaSOP1,vacuum pump,2023-04-12,"UMF, A13B passage, -80 freezer",-80,Annie Marie Cox,,,,false,2023-06-12,2023-06-14,-70,,,,,,EMOBON_UMF_Wa_230412_0.2um_1
EMO BON UMF Wa 230412 0.2um (2),EMOBON metagenome water sample from station UMF collected on 2023-04-12 size fraction 0.2-3um,https://www.ncbi.nlm.nih.gov/taxonomy/browser/wwwtax.cgi?id=1874687,marine plankton metagenome,metagenome,marine water body [ENVO:00001999],2023-04-12,UMF_Wa_230412,Annie Marie Cox,,no_tide,1,2,3.39,1,0.2-3,3,0.2,true,Ruttner,WaSOP1,vacuum pump,2023-04-12,"UMF, A13B passage, -80 freezer",-80,Annie Marie Cox,,,,false,2023-06-12,2023-06-14,-70,,,,,,EMOBON_UMF_Wa_230412_0.2um_2
EMO BON UMF Wa 230412 0.2um (3),EMOBON metagenome water sample from station UMF collected on 2023-04-12 size fraction 0.2-3um,https://www.ncbi.nlm.nih.gov/taxonomy/browser/wwwtax.cgi?id=1874687,marine plankton metagenome,metagenome,marine water body [ENVO:00001999],2023-04-12,UMF_Wa_230412,Annie Marie Cox,,no_tide,1,3,3.89,3,0.2-3,3,0.2,true,Ruttner,WaSOP1,vacuum pump,2023-04-12,"UMF, A13B passage, -80 freezer",-80,Annie Marie Cox,,,,true,NA,NA,NA,NA,NA,NA,NA,NA,EMOBON_UMF_Wa_230412_0.2um_3
EMO BON UMF Wa 230412 0.2um (4),EMOBON metagenome water sample from station UMF collected on 2023-04-12 size fraction 0.2-3um,https://www.ncbi.nlm.nih.gov/taxonomy/browser/wwwtax.cgi?id=1874687,marine plankton metagenome,metagenome,marine water body [ENVO:00001999],2023-04-12,UMF_Wa_230412,Annie Marie Cox,,no_tide,1,4,3.89,3,0.2-3,3,0.2,true,Ruttner,WaSOP1,vacuum pump,2023-04-12,"UMF, A13B passage, -80 freezer",-80,Annie Marie Cox,,,,true,NA,NA,NA,NA,NA,NA,NA,NA,EMOBON_UMF_Wa_230412_0.2um_4
EMO BON UMF Wa 230412 3um (Blank),EMOBON metagenome water sample from station UMF collected on 2023-04-12 size fraction 3-200um,https://www.ncbi.nlm.nih.gov/taxonomy/browser/wwwtax.cgi?id=32644,unidentified,metagenome,marine water body [ENVO:00001999],2023-04-12,UMF_Wa_230412,Annie Marie Cox,,no_tide,NA,blank,5,0,3-200,200,3,false,NA,WaSOP1,vacuum pump,2023-04-12,"UMF, A13B passage, -80 freezer",-80,Annie Marie Cox,,,,false,2023-06-12,2023-06-14,-70,,,,,,EMOBON_UMF_Wa_230412_3um_blank
EMO BON UMF Wa 230412 0.22um (Blank),EMOBON metagenome water sample from station UMF collected on 2023-04-12 size fraction 0.2-3um,https://www.ncbi.nlm.nih.gov/taxonomy/browser/wwwtax.cgi?id=32644,unidentified,metagenome,marine water body [ENVO:00001999],2023-04-12,UMF_Wa_230412,Annie Marie Cox,,no_tide,NA,blank,5,0,0.2-3,3,0.2,false,NA,WaSOP1,vacuum pump,2023-04-12,"UMF, A13B passage, -80 freezer",-80,Annie Marie Cox,,,,false,2023-06-12,2023-06-14,-70,,,,,,EMOBON_UMF_Wa_230412_0.2um_blank
EMO BON UMF Wa 230412 10um (1),EMOBON metagenome water sample from station UMF collected on 2023-04-12 size fraction 10-2000um,https://www.ncbi.nlm.nih.gov/taxonomy/browser/wwwtax.cgi?id=1874687,marine plankton metagenome,metagenome,marine water body [ENVO:00001999],2023-04-12,UMF_Wa_230412,Annie Marie Cox,,no_tide,,1,0.25,3,2000-10-01 00:00:00,2000,10,false,plankton net,WaSOP2,"net haul, 1-10 m, diluted with water from 1m",2023-04-12,"UMF, A13B passage, -80 freezer",-80,Annie Marie Cox,,,,true,NA,NA,NA,NA,NA,NA,NA,NA,EMOBON_UMF_Wa_230412_10um_1
EMO BON UMF Wa 230412 10um (2),EMOBON metagenome water sample from station UMF collected on 2023-04-12 size fraction 10-2000um,https://www.ncbi.nlm.nih.gov/taxonomy/browser/wwwtax.cgi?id=1874687,marine plankton metagenome,metagenome,marine water body [ENVO:00001999],2023-04-12,UMF_Wa_230412,Annie Marie Cox,,no_tide,,2,0.25,3,2000-10-01 00:00:00,2000,10,false,plankton net,WaSOP2,"net haul, 1-10 m, diluted with water from 1m",2023-04-12,"UMF, A13B passage, -80 freezer",-80,Annie Marie Cox,,,,true,NA,NA,NA,NA,NA,NA,NA,NA,EMOBON_UMF_Wa_230412_10um_2
EMO BON UMF Wa 230412 10um (3),EMOBON metagenome water sample from station UMF collected on 2023-04-12 size fraction 10-2000um,https://www.ncbi.nlm.nih.gov/taxonomy/browser/wwwtax.cgi?id=1874687,marine plankton metagenome,metagenome,marine water body [ENVO:00001999],2023-04-12,UMF_Wa_230412,Annie Marie Cox,,no_tide,,3,0.25,3,2000-10-01 00:00:00,2000,10,false,plankton net,WaSOP2,"net haul, 1-10 m, diluted with water from 1m",2023-04-12,"UMF, A13B passage, -80 freezer",-80,Annie Marie Cox,,,,true,NA,NA,NA,NA,NA,NA,NA,NA,EMOBON_UMF_Wa_230412_10um_3
EMO BON UMF Wa 230412 10um (4),EMOBON metagenome water sample from station UMF collected on 2023-04-12 size fraction 10-2000um,https://www.ncbi.nlm.nih.gov/taxonomy/browser/wwwtax.cgi?id=1874687,marine plankton metagenome,metagenome,marine water body [ENVO:00001999],2023-04-12,UMF_Wa_230412,Annie Marie Cox,,no_tide,,4,0.23,3,2000-10-01 00:00:00,2000,10,false,plankton net,WaSOP2,"net haul (10 µm), 1-10 m, diluted with water from 1m",2023-04-12,"UMF, A13B passage, -80 freezer",-80,Annie Marie Cox,,,,true,NA,NA,NA,NA,NA,NA,NA,NA,EMOBON_UMF_Wa_230412_10um_4
EMO BON UMF Wa 230412 10um (blank),EMOBON metagenome water sample from station UMF collected on 2023-04-12 size fraction 10-2000um,https://www.ncbi.nlm.nih.gov/taxonomy/browser/wwwtax.cgi?id=32644,unidentified,metagenome,marine water body [ENVO:00001999],2023-04-12,UMF_Wa_230412,Annie Marie Cox,,no_tide,,blank,0.25,0,2000-10-01 00:00:00,2000,10,false,plankton net,WaSOP2,mq,2023-04-12,"UMF, A13B passage, -80 freezer",-80,Annie Marie Cox,,,,true,NA,NA,NA,NA,NA,NA,NA,NA,EMOBON_UMF_Wa_230412_10um_blank
EMO BON UMF Wa 230619 3um (1),EMOBON metagenome water sample from station UMF collected on 2023-06-19 size fraction 3-200um,https://www.ncbi.nlm.nih.gov/taxonomy/browser/wwwtax.cgi?id=1874687,marine plankton metagenome,metagenome,marine water body [ENVO:00001999],2023-06-19,UMF_Wa_230619,Annie Marie Cox,,no_tide,1,1,5,3,3-200,200,3,true,Niskin,WaSOP1,vacuum pump,2023-02-28,"UMF, A13B passage, -80 freezer",-80,Annie Marie Cox,,,,false,2023-09-11,2023-09-13,-70,NA,NA,NA,NA,NA,EMOBON_UMF_Wa_230619_3um_1
EMO BON UMF Wa 230619 3um (2),EMOBON metagenome water sample from station UMF collected on 2023-06-19 size fraction 3-200um,https://www.ncbi.nlm.nih.gov/taxonomy/browser/wwwtax.cgi?id=1874687,marine plankton metagenome,metagenome,marine water body [ENVO:00001999],2023-06-19,UMF_Wa_230619,Annie Marie Cox,,no_tide,1,2,5,3,3-200,200,3,true,Niskin,WaSOP1,vacuum pump,2023-02-28,"UMF, A13B passage, -80 freezer",-80,Annie Marie Cox,,,,false,2023-09-11,2023-09-13,-70,NA,NA,NA,NA,NA,EMOBON_UMF_Wa_230619_3um_2
EMO BON UMF Wa 230619 3um (3),EMOBON metagenome water sample from station UMF collected on 2023-06-19 size fraction 3-200um,https://www.ncbi.nlm.nih.gov/taxonomy/browser/wwwtax.cgi?id=1874687,marine plankton metagenome,metagenome,marine water body [ENVO:00001999],2023-06-19,UMF_Wa_230619,Annie Marie Cox,,no_tide,1,3,5,4,3-200,200,3,true,Niskin,WaSOP1,vacuum pump,2023-02-28,"UMF, A13B passage, -80 freezer",-80,Annie Marie Cox,,,,true,NA,NA,NA,NA,NA,NA,NA,NA,EMOBON_UMF_Wa_230619_3um_3
EMO BON UMF Wa 230619 3um (4),EMOBON metagenome water sample from station UMF collected on 2023-06-19 size fraction 3-200um,https://www.ncbi.nlm.nih.gov/taxonomy/browser/wwwtax.cgi?id=1874687,marine plankton metagenome,metagenome,marine water body [ENVO:00001999],2023-06-19,UMF_Wa_230619,Annie Marie Cox,,no_tide,1,4,5,4,3-200,200,3,true,Niskin,WaSOP1,vacuum pump,2023-02-28,"UMF, A13B passage, -80 freezer",-80,Annie Marie Cox,,,,true,NA,NA,NA,NA,NA,NA,NA,NA,EMOBON_UMF_Wa_230619_3um_4
EMO BON UMF Wa 230619 0.2um (1),EMOBON metagenome water sample from station UMF collected on 2023-06-19 size fraction 0.2-3um,https://www.ncbi.nlm.nih.gov/taxonomy/browser/wwwtax.cgi?id=1874687,marine plankton metagenome,metagenome,marine water body [ENVO:00001999],2023-06-19,UMF_Wa_230619,Annie Marie Cox,,no_tide,1,1,3.17,3,0.2-3,3,0.2,true,Niskin,WaSOP1,vacuum pump,2023-02-28,"UMF, A13B passage, -80 freezer",-80,Annie Marie Cox,,,,false,2023-09-11,2023-09-13,-70,NA,NA,NA,NA,NA,EMOBON_UMF_Wa_230619_0.2um_1
EMO BON UMF Wa 230619 0.2um (2),EMOBON metagenome water sample from station UMF collected on 2023-06-19 size fraction 0.2-3um,https://www.ncbi.nlm.nih.gov/taxonomy/browser/wwwtax.cgi?id=1874687,marine plankton metagenome,metagenome,marine water body [ENVO:00001999],2023-06-19,UMF_Wa_230619,Annie Marie Cox,,no_tide,1,2,3.17,3,0.2-3,3,0.2,true,Niskin,WaSOP1,vacuum pump,2023-02-28,"UMF, A13B passage, -80 freezer",-80,Annie Marie Cox,,,,false,2023-09-11,2023-09-13,-70,NA,NA,NA,NA,NA,EMOBON_UMF_Wa_230619_0.2um_2
EMO BON UMF Wa 230619 0.2um (3),EMOBON metagenome water sample from station UMF collected on 2023-06-19 size fraction 0.2-3um,https://www.ncbi.nlm.nih.gov/taxonomy/browser/wwwtax.cgi?id=1874687,marine plankton metagenome,metagenome,marine water body [ENVO:00001999],2023-06-19,UMF_Wa_230619,Annie Marie Cox,,no_tide,1,3,2.9,4,0.2-3,3,0.2,true,Niskin,WaSOP1,vacuum pump,2023-02-28,"UMF, A13B passage, -80 freezer",-80,Annie Marie Cox,,,,true,NA,NA,NA,NA,NA,NA,NA,NA,EMOBON_UMF_Wa_230619_0.2um_3
EMO BON UMF Wa 230619 0.2um (4),EMOBON metagenome water sample from station UMF collected on 2023-06-19 size fraction 0.2-3um,https://www.ncbi.nlm.nih.gov/taxonomy/browser/wwwtax.cgi?id=1874687,marine plankton metagenome,metagenome,marine water body [ENVO:00001999],2023-06-19,UMF_Wa_230619,Annie Marie Cox,,no_tide,1,4,2.9,4,0.2-3,3,0.2,true,Niskin,WaSOP1,vacuum pump,2023-02-28,"UMF, A13B passage, -80 freezer",-80,Annie Marie Cox,,,,true,NA,NA,NA,NA,NA,NA,NA,NA,EMOBON_UMF_Wa_230619_0.2um_4
EMO BON UMF Wa 230619 3um (Blank),EMOBON metagenome water sample from station UMF collected on 2023-06-19 size fraction 3-200um,https://www.ncbi.nlm.nih.gov/taxonomy/browser/wwwtax.cgi?id=1874687,marine plankton metagenome,metagenome,marine water body [ENVO:00001999],2023-06-19,UMF_Wa_230619,Annie Marie Cox,,no_tide,NA,blank,5,0,3-200,200,3,false,NA,WaSOP1,vacuum pump,2023-02-28,"UMF, A13B passage, -80 freezer",-80,Annie Marie Cox,,,,true,NA,NA,NA,NA,NA,NA,NA,NA,EMOBON_UMF_Wa_230619_3um_blank
EMO BON UMF Wa 230619 0.22um (Blank),EMOBON metagenome water sample from station UMF collected on 2023-06-19 size fraction 0.2-3um,https://www.ncbi.nlm.nih.gov/taxonomy/browser/wwwtax.cgi?id=1874687,marine plankton metagenome,metagenome,marine water body [ENVO:00001999],2023-06-19,UMF_Wa_230619,Annie Marie Cox,,no_tide,NA,blank,5,0,0.2-3,3,0.2,false,NA,WaSOP1,vacuum pump,2023-02-28,"UMF, A13B passage, -80 freezer",-80,Annie Marie Cox,,,,true,NA,NA,NA,NA,NA,NA,NA,NA,EMOBON_UMF_Wa_230619_0.2um_blank
EMO BON UMF Wa 230619 10um (1),EMOBON metagenome water sample from station UMF collected on 2023-06-19 size fraction 10-2000um,https://www.ncbi.nlm.nih.gov/taxonomy/browser/wwwtax.cgi?id=1874687,marine plankton metagenome,metagenome,marine water body [ENVO:00001999],2023-06-19,UMF_Wa_230619,Annie Marie Cox,,no_tide,,1,0.25,3,2000-10-01 00:00:00,2000,10,false,plankton net,WaSOP2,"hose, 1-10 m, diluted with water from 1m",2023-02-28,"UMF, A13B passage, -80 freezer",-80,Annie Marie Cox,,,,true,NA,NA,NA,NA,NA,NA,NA,NA,EMOBON_UMF_Wa_230619_10um_1
EMO BON UMF Wa 230619 10um (2),EMOBON metagenome water sample from station UMF collected on 2023-06-19 size fraction 10-2000um,https://www.ncbi.nlm.nih.gov/taxonomy/browser/wwwtax.cgi?id=1874687,marine plankton metagenome,metagenome,marine water body [ENVO:00001999],2023-06-19,UMF_Wa_230619,Annie Marie Cox,,no_tide,,2,0.25,3,2000-10-01 00:00:00,2000,10,false,plankton net,WaSOP2,"hose, 1-10 m, diluted with water from 1m",2023-02-28,"UMF, A13B passage, -80 freezer",-80,Annie Marie Cox,,,,true,NA,NA,NA,NA,NA,NA,NA,NA,EMOBON_UMF_Wa_230619_10um_2
EMO BON UMF Wa 230619 10um (3),EMOBON metagenome water sample from station UMF collected on 2023-06-19 size fraction 10-2000um,https://www.ncbi.nlm.nih.gov/taxonomy/browser/wwwtax.cgi?id=1874687,marine plankton metagenome,metagenome,marine water body [ENVO:00001999],2023-06-19,UMF_Wa_230619,Annie Marie Cox,,no_tide,,3,0.25,3,2000-10-01 00:00:00,2000,10,false,plankton net,WaSOP2,"hose, 1-10 m, diluted with water from 1m",2023-02-28,"UMF, A13B passage, -80 freezer",-80,Annie Marie Cox,,,,true,NA,NA,NA,NA,NA,NA,NA,NA,EMOBON_UMF_Wa_230619_10um_3
EMO BON UMF Wa 230619 10um (4),EMOBON metagenome water sample from station UMF collected on 2023-06-19 size fraction 10-2000um,https://www.ncbi.nlm.nih.gov/taxonomy/browser/wwwtax.cgi?id=1874687,marine plankton metagenome,metagenome,marine water body [ENVO:00001999],2023-06-19,UMF_Wa_230619,Annie Marie Cox,,no_tide,,4,0.23,3,2000-10-01 00:00:00,2000,10,false,plankton net,WaSOP2,"hose, 1-10 m, diluted with water from 1m",2023-02-28,"UMF, A13B passage, -80 freezer",-80,Annie Marie Cox,,,,true,NA,NA,NA,NA,NA,NA,NA,NA,EMOBON_UMF_Wa_230619_10um_4
EMO BON UMF Wa 230619 10um (blank),EMOBON metagenome water sample from station UMF collected on 2023-06-19 size fraction 10-2000um,https://www.ncbi.nlm.nih.gov/taxonomy/browser/wwwtax.cgi?id=1874687,marine plankton metagenome,metagenome,marine water body [ENVO:00001999],2023-06-19,UMF_Wa_230619,Annie Marie Cox,,no_tide,,blank,0.25,0,2000-10-01 00:00:00,2000,10,false,plankton net,WaSOP2,mq,2023-02-28,"UMF, A13B passage, -80 freezer",-80,Annie Marie Cox,,,,true,NA,NA,NA,NA,NA,NA,NA,NA,EMOBON_UMF_Wa_230619_10um_blank
EMO BON UMF Wa 230801 3um (1),EMOBON metagenome water sample from station UMF collected on 2023-08-01 size fraction 3-200um,https://www.ncbi.nlm.nih.gov/taxonomy/browser/wwwtax.cgi?id=1874687,marine plankton metagenome,metagenome,marine water body [ENVO:00001999],2023-08-01,UMF_Wa_230801,Annie Marie Cox,,no_tide,1,1,5,1,3-200,200,3,true,Ruttner,WaSOP1,vacuum pump,2023-04-12,"UMF, A13B passage, -80 freezer",-80,Annie Marie Cox,,,,false,2023-09-11,2023-09-13,-70,NA,NA,NA,NA,NA,EMOBON_UMF_Wa_230801_3um_1
EMO BON UMF Wa 230801 3um (2),EMOBON metagenome water sample from station UMF collected on 2023-08-01 size fraction 3-200um,https://www.ncbi.nlm.nih.gov/taxonomy/browser/wwwtax.cgi?id=1874687,marine plankton metagenome,metagenome,marine water body [ENVO:00001999],2023-08-01,UMF_Wa_230801,Annie Marie Cox,,no_tide,1,2,5,1,3-200,200,3,true,Ruttner,WaSOP1,vacuum pump,2023-04-12,"UMF, A13B passage, -80 freezer",-80,Annie Marie Cox,,,,false,2023-09-11,2023-09-13,-70,NA,NA,NA,NA,NA,EMOBON_UMF_Wa_230801_3um_2
EMO BON UMF Wa 230801 3um (3),EMOBON metagenome water sample from station UMF collected on 2023-08-01 size fraction 3-200um,https://www.ncbi.nlm.nih.gov/taxonomy/browser/wwwtax.cgi?id=1874687,marine plankton metagenome,metagenome,marine water body [ENVO:00001999],2023-08-01,UMF_Wa_230801,Annie Marie Cox,,no_tide,1,3,5,3,3-200,200,3,true,Ruttner,WaSOP1,vacuum pump,2023-04-12,"UMF, A13B passage, -80 freezer",-80,Annie Marie Cox,,,,true,NA,NA,NA,NA,NA,NA,NA,NA,EMOBON_UMF_Wa_230801_3um_3
EMO BON UMF Wa 230801 3um (4),EMOBON metagenome water sample from station UMF collected on 2023-08-01 size fraction 3-200um,https://www.ncbi.nlm.nih.gov/taxonomy/browser/wwwtax.cgi?id=1874687,marine plankton metagenome,metagenome,marine water body [ENVO:00001999],2023-08-01,UMF_Wa_230801,Annie Marie Cox,,no_tide,1,4,5,3,3-200,200,3,true,Ruttner,WaSOP1,vacuum pump,2023-04-12,"UMF, A13B passage, -80 freezer",-80,Annie Marie Cox,,,,true,NA,NA,NA,NA,NA,NA,NA,NA,EMOBON_UMF_Wa_230801_3um_4
EMO BON UMF Wa 230801 0.2um (1),EMOBON metagenome water sample from station UMF collected on 2023-08-01 size fraction 0.2-3um,https://www.ncbi.nlm.nih.gov/taxonomy/browser/wwwtax.cgi?id=1874687,marine plankton metagenome,metagenome,marine water body [ENVO:00001999],2023-08-01,UMF_Wa_230801,Annie Marie Cox,,no_tide,1,1,3.39,1,0.2-3,3,0.2,true,Ruttner,WaSOP1,vacuum pump,2023-04-12,"UMF, A13B passage, -80 freezer",-80,Annie Marie Cox,,,,false,2023-09-11,2023-09-13,-70,NA,NA,NA,NA,NA,EMOBON_UMF_Wa_230801_0.2um_1
EMO BON UMF Wa 230801 0.2um (2),EMOBON metagenome water sample from station UMF collected on 2023-08-01 size fraction 0.2-3um,https://www.ncbi.nlm.nih.gov/taxonomy/browser/wwwtax.cgi?id=1874687,marine plankton metagenome,metagenome,marine water body [ENVO:00001999],2023-08-01,UMF_Wa_230801,Annie Marie Cox,,no_tide,1,2,3.39,1,0.2-3,3,0.2,true,Ruttner,WaSOP1,vacuum pump,2023-04-12,"UMF, A13B passage, -80 freezer",-80,Annie Marie Cox,,,,false,2023-09-11,2023-09-13,-70,NA,NA,NA,NA,NA,EMOBON_UMF_Wa_230801_0.2um_2
EMO BON UMF Wa 230801 0.2um (3),EMOBON metagenome water sample from station UMF collected on 2023-08-01 size fraction 0.2-3um,https://www.ncbi.nlm.nih.gov/taxonomy/browser/wwwtax.cgi?id=1874687,marine plankton metagenome,metagenome,marine water body [ENVO:00001999],2023-08-01,UMF_Wa_230801,Annie Marie Cox,,no_tide,1,3,3.89,3,0.2-3,3,0.2,true,Ruttner,WaSOP1,vacuum pump,2023-04-12,"UMF, A13B passage, -80 freezer",-80,Annie Marie Cox,,,,true,NA,NA,NA,NA,NA,NA,NA,NA,EMOBON_UMF_Wa_230801_0.2um_3
EMO BON UMF Wa 230801 0.2um (4),EMOBON metagenome water sample from station UMF collected on 2023-08-01 size fraction 0.2-3um,https://www.ncbi.nlm.nih.gov/taxonomy/browser/wwwtax.cgi?id=1874687,marine plankton metagenome,metagenome,marine water body [ENVO:00001999],2023-08-01,UMF_Wa_230801,Annie Marie Cox,,no_tide,1,4,3.89,3,0.2-3,3,0.2,true,Ruttner,WaSOP1,vacuum pump,2023-04-12,"UMF, A13B passage, -80 freezer",-80,Annie Marie Cox,,,,true,NA,NA,NA,NA,NA,NA,NA,NA,EMOBON_UMF_Wa_230801_0.2um_4
EMO BON UMF Wa 230801 3um (Blank),EMOBON metagenome water sample from station UMF collected on 2023-08-01 size fraction 3-200um,https://www.ncbi.nlm.nih.gov/taxonomy/browser/wwwtax.cgi?id=1874687,marine plankton metagenome,metagenome,marine water body [ENVO:00001999],2023-08-01,UMF_Wa_230801,Annie Marie Cox,,no_tide,NA,blank,5,0,3-200,200,3,false,NA,WaSOP1,vacuum pump,2023-04-12,"UMF, A13B passage, -80 freezer",-80,Annie Marie Cox,,,,false,NA,NA,NA,NA,NA,NA,NA,NA,EMOBON_UMF_Wa_230801_3um_blank
EMO BON UMF Wa 230801 0.22um (Blank),EMOBON metagenome water sample from station UMF collected on 2023-08-01 size fraction 0.2-3um,https://www.ncbi.nlm.nih.gov/taxonomy/browser/wwwtax.cgi?id=1874687,marine plankton metagenome,metagenome,marine water body [ENVO:00001999],2023-08-01,UMF_Wa_230801,Annie Marie Cox,,no_tide,NA,blank,5,0,0.2-3,3,0.2,false,NA,WaSOP1,vacuum pump,2023-04-12,"UMF, A13B passage, -80 freezer",-80,Annie Marie Cox,,,,false,NA,NA,NA,NA,NA,NA,NA,NA,EMOBON_UMF_Wa_230801_0.2um_blank
EMO BON UMF Wa 230801 10um (1),EMOBON metagenome water sample from station UMF collected on 2023-08-01 size fraction 10-2000um,https://www.ncbi.nlm.nih.gov/taxonomy/browser/wwwtax.cgi?id=1874687,marine plankton metagenome,metagenome,marine water body [ENVO:00001999],2023-08-01,UMF_Wa_230801,Annie Marie Cox,,no_tide,,1,0.25,1,2000-10-01 00:00:00,2000,10,false,plankton net,WaSOP2,"hose, 1-10 m, diluted with water from 1m",2023-04-12,"UMF, A13B passage, -80 freezer",-80,Annie Marie Cox,,,,true,NA,NA,NA,NA,NA,NA,NA,NA,EMOBON_UMF_Wa_230801_10um_1
EMO BON UMF Wa 230801 10um (2),EMOBON metagenome water sample from station UMF collected on 2023-08-01 size fraction 10-2000um,https://www.ncbi.nlm.nih.gov/taxonomy/browser/wwwtax.cgi?id=1874687,marine plankton metagenome,metagenome,marine water body [ENVO:00001999],2023-08-01,UMF_Wa_230801,Annie Marie Cox,,no_tide,,2,0.25,1,2000-10-01 00:00:00,2000,10,false,plankton net,WaSOP2,"hose, 1-10 m, diluted with water from 1m",2023-04-12,"UMF, A13B passage, -80 freezer",-80,Annie Marie Cox,,,,true,NA,NA,NA,NA,NA,NA,NA,NA,EMOBON_UMF_Wa_230801_10um_2
EMO BON UMF Wa 230801 10um (3),EMOBON metagenome water sample from station UMF collected on 2023-08-01 size fraction 10-2000um,https://www.ncbi.nlm.nih.gov/taxonomy/browser/wwwtax.cgi?id=1874687,marine plankton metagenome,metagenome,marine water body [ENVO:00001999],2023-08-01,UMF_Wa_230801,Annie Marie Cox,,no_tide,,3,0.25,1,2000-10-01 00:00:00,2000,10,false,plankton net,WaSOP2,"hose, 1-10 m, diluted with water from 1m",2023-04-12,"UMF, A13B passage, -80 freezer",-80,Annie Marie Cox,,,,true,NA,NA,NA,NA,NA,NA,NA,NA,EMOBON_UMF_Wa_230801_10um_3
EMO BON UMF Wa 230801 10um (4),EMOBON metagenome water sample from station UMF collected on 2023-08-01 size fraction 10-2000um,https://www.ncbi.nlm.nih.gov/taxonomy/browser/wwwtax.cgi?id=1874687,marine plankton metagenome,metagenome,marine water body [ENVO:00001999],2023-08-01,UMF_Wa_230801,Annie Marie Cox,,no_tide,,4,0.23,1,2000-10-01 00:00:00,2000,10,false,plankton net,WaSOP2,"hose, 1-10 m, diluted with water from 1m",2023-04-12,"UMF, A13B passage, -80 freezer",-80,Annie Marie Cox,,,,true,NA,NA,NA,NA,NA,NA,NA,NA,EMOBON_UMF_Wa_230801_10um_4
EMO BON UMF Wa 230801 10um (blank),EMOBON metagenome water sample from station UMF collected on 2023-08-01 size fraction 10-2000um,https://www.ncbi.nlm.nih.gov/taxonomy/browser/wwwtax.cgi?id=1874687,marine plankton metagenome,metagenome,marine water body [ENVO:00001999],2023-08-01,UMF_Wa_230801,Annie Marie Cox,,no_tide,,blank,0.25,0,2000-10-01 00:00:00,2000,10,false,plankton net,WaSOP2,mq,2023-04-12,"UMF, A13B passage, -80 freezer",-80,Annie Marie Cox,,,,true,NA,NA,NA,NA,NA,NA,NA,NA,EMOBON_UMF_Wa_230801_10um_blank
,EMOBON  water sample from station UMF collected on  size fraction um,https://www.ncbi.nlm.nih.gov/taxonomy/browser/wwwtax.cgi?id=1874687,marine plankton metagenome,,,,,,,,,,,,,,,,,,,,,,,,,,,,,,,,,,,EMOBON__um_
,EMOBON  water sample from station UMF collected on  size fraction um,https://www.ncbi.nlm.nih.gov/taxonomy/browser/wwwtax.cgi?id=1874687,marine plankton metagenome,,,,,,,,,,,,,,,,,,,,,,,,,,,,,,,,,,,EMOBON__um_
,EMOBON  water sample from station UMF collected on  size fraction um,https://www.ncbi.nlm.nih.gov/taxonomy/browser/wwwtax.cgi?id=1874687,marine plankton metagenome,,,,,,,,,,,,,,,,,,,,,,,,,,,,,,,,,,,EMOBON__um_
,EMOBON  water sample from station UMF collected on  size fraction um,https://www.ncbi.nlm.nih.gov/taxonomy/browser/wwwtax.cgi?id=1874687,marine plankton metagenome,,,,,,,,,,,,,,,,,,,,,,,,,,,,,,,,,,,EMOBON__um_
,EMOBON  water sample from station UMF collected on  size fraction um,https://www.ncbi.nlm.nih.gov/taxonomy/browser/wwwtax.cgi?id=1874687,marine plankton metagenome,,,,,,,,,,,,,,,,,,,,,,,,,,,,,,,,,,,EMOBON__um_
,EMOBON  water sample from station UMF collected on  size fraction um,https://www.ncbi.nlm.nih.gov/taxonomy/browser/wwwtax.cgi?id=1874687,marine plankton metagenome,,,,,,,,,,,,,,,,,,,,,,,,,,,,,,,,,,,EMOBON__um_
,EMOBON  water sample from station UMF collected on  size fraction um,https://www.ncbi.nlm.nih.gov/taxonomy/browser/wwwtax.cgi?id=1874687,marine plankton metagenome,,,,,,,,,,,,,,,,,,,,,,,,,,,,,,,,,,,EMOBON__um_
,EMOBON  water sample from station UMF collected on  size fraction um,https://www.ncbi.nlm.nih.gov/taxonomy/browser/wwwtax.cgi?id=1874687,marine plankton metagenome,,,,,,,,,,,,,,,,,,,,,,,,,,,,,,,,,,,EMOBON__um_
,EMOBON  water sample from station UMF collected on  size fraction um,https://www.ncbi.nlm.nih.gov/taxonomy/browser/wwwtax.cgi?id=1874687,marine plankton metagenome,,,,,,,,,,,,,,,,,,,,,,,,,,,,,,,,,,,EMOBON__um_
,EMOBON  water sample from station UMF collected on  size fraction um,https://www.ncbi.nlm.nih.gov/taxonomy/browser/wwwtax.cgi?id=1874687,marine plankton metagenome,,,,,,,,,,,,,,,,,,,,,,,,,,,,,,,,,,,EMOBON__um_
,EMOBON  water sample from station UMF collected on  size fraction um,https://www.ncbi.nlm.nih.gov/taxonomy/browser/wwwtax.cgi?id=1874687,marine plankton metagenome,,,,,,,,,,,,,,,,,,,,,,,,,,,,,,,,,,,EMOBON__um_
,EMOBON  water sample from station UMF collected on  size fraction um,,,,,,,,,,,,,,,,,,,,,,,,,,,,,,,,,,,,,EMOBON__um_
,EMOBON  water sample from station UMF collected on  size fraction um,,,,,,,,,,,,,,,,,,,,,,,,,,,,,,,,,,,,,EMOBON__um_
,EMOBON  water sample from station UMF collected on  size fraction um,,,,,,,,,,,,,,,,,,,,,,,,,,,,,,,,,,,,,EMOBON__um_
,EMOBON  water sample from station UMF collected on  size fraction um,,,,,,,,,,,,,,,,,,,,,,,,,,,,,,,,,,,,,EMOBON__um_
,EMOBON  water sample from station UMF collected on  size fraction um,,,,,,,,,,,,,,,,,,,,,,,,,,,,,,,,,,,,,EMOBON__um_
,EMOBON  water sample from station UMF collected on  size fraction um,,,,,,,,,,,,,,,,,,,,,,,,,,,,,,,,,,,,,EMOBON__um_
,EMOBON  water sample from station UMF collected on  size fraction um,,,,,,,,,,,,,,,,,,,,,,,,,,,,,,,,,,,,,EMOBON__um_
,EMOBON  water sample from station UMF collected on  size fraction um,,,,,,,,,,,,,,,,,,,,,,,,,,,,,,,,,,,,,EMOBON__um_
,EMOBON  water sample from station UMF collected on  size fraction um,,,,,,,,,,,,,,,,,,,,,,,,,,,,,,,,,,,,,EMOBON__um_
,EMOBON  water sample from station UMF collected on  size fraction um,,,,,,,,,,,,,,,,,,,,,,,,,,,,,,,,,,,,,EMOBON__um_
,EMOBON  water sample from station UMF collected on  size fraction um,,,,,,,,,,,,,,,,,,,,,,,,,,,,,,,,,,,,,EMOBON__um_
,EMOBON  water sample from station UMF collected on  size fraction um,,,,,,,,,,,,,,,,,,,,,,,,,,,,,,,,,,,,,EMOBON__um_
,EMOBON  water sample from station UMF collected on  size fraction um,,,,,,,,,,,,,,,,,,,,,,,,,,,,,,,,,,,,,EMOBON__um_
,EMOBON  water sample from station UMF collected on  size fraction um,,,,,,,,,,,,,,,,,,,,,,,,,,,,,,,,,,,,,EMOBON__um_
,EMOBON  water sample from station UMF collected on  size fraction um,,,,,,,,,,,,,,,,,,,,,,,,,,,,,,,,,,,,,EMOBON__um_
,EMOBON  water sample from station UMF collected on  size fraction um,,,,,,,,,,,,,,,,,,,,,,,,,,,,,,,,,,,,,EMOBON__um_
,EMOBON  water sample from station UMF collected on  size fraction um,,,,,,,,,,,,,,,,,,,,,,,,,,,,,,,,,,,,,EMOBON__um_
,EMOBON  water sample from station UMF collected on  size fraction um,,,,,,,,,,,,,,,,,,,,,,,,,,,,,,,,,,,,,EMOBON__um_
,EMOBON  water sample from station UMF collected on  size fraction um,,,,,,,,,,,,,,,,,,,,,,,,,,,,,,,,,,,,,EMOBON__um_
,EMOBON  water sample from station UMF collected on  size fraction um,,,,,,,,,,,,,,,,,,,,,,,,,,,,,,,,,,,,,EMOBON__um_
,EMOBON  water sample from station UMF collected on  size fraction um,,,,,,,,,,,,,,,,,,,,,,,,,,,,,,,,,,,,,EMOBON__um_
,EMOBON  water sample from station UMF collected on  size fraction um,,,,,,,,,,,,,,,,,,,,,,,,,,,,,,,,,,,,,EMOBON__um_
,EMOBON  water sample from station UMF collected on  size fraction um,,,,,,,,,,,,,,,,,,,,,,,,,,,,,,,,,,,,,EMOBON__um_
,EMOBON  water sample from station UMF collected on  size fraction um,,,,,,,,,,,,,,,,,,,,,,,,,,,,,,,,,,,,,EMOBON__um_
,EMOBON  water sample from station UMF collected on  size fraction um,,,,,,,,,,,,,,,,,,,,,,,,,,,,,,,,,,,,,EMOBON__um_
,EMOBON  water sample from station UMF collected on  size fraction um,,,,,,,,,,,,,,,,,,,,,,,,,,,,,,,,,,,,,EMOBON__um_
,EMOBON  water sample from station UMF collected on  size fraction um,,,,,,,,,,,,,,,,,,,,,,,,,,,,,,,,,,,,,EMOBON__um_
,EMOBON  water sample from station UMF collected on  size fraction um,,,,,,,,,,,,,,,,,,,,,,,,,,,,,,,,,,,,,EMOBON__um_
,EMOBON  water sample from station UMF collected on  size fraction um,,,,,,,,,,,,,,,,,,,,,,,,,,,,,,,,,,,,,EMOBON__um_
,EMOBON  water sample from station UMF collected on  size fraction um,,,,,,,,,,,,,,,,,,,,,,,,,,,,,,,,,,,,,EMOBON__um_
,EMOBON  water sample from station UMF collected on  size fraction um,,,,,,,,,,,,,,,,,,,,,,,,,,,,,,,,,,,,,EMOBON__um_
,EMOBON  water sample from station UMF collected on  size fraction um,,,,,,,,,,,,,,,,,,,,,,,,,,,,,,,,,,,,,EMOBON__um_
,EMOBON  water sample from station UMF collected on  size fraction um,,,,,,,,,,,,,,,,,,,,,,,,,,,,,,,,,,,,,EMOBON__um_
,EMOBON  water sample from station UMF collected on  size fraction um,,,,,,,,,,,,,,,,,,,,,,,,,,,,,,,,,,,,,EMOBON__um_
,EMOBON  water sample from station UMF collected on  size fraction um,,,,,,,,,,,,,,,,,,,,,,,,,,,,,,,,,,,,,EMOBON__um_
,EMOBON  water sample from station UMF collected on  size fraction um,,,,,,,,,,,,,,,,,,,,,,,,,,,,,,,,,,,,,EMOBON__um_
,EMOBON  water sample from station UMF collected on  size fraction um,,,,,,,,,,,,,,,,,,,,,,,,,,,,,,,,,,,,,EMOBON__um_
,EMOBON  water sample from station UMF collected on  size fraction um,,,,,,,,,,,,,,,,,,,,,,,,,,,,,,,,,,,,,EMOBON__um_
,EMOBON  water sample from station UMF collected on  size fraction um,,,,,,,,,,,,,,,,,,,,,,,,,,,,,,,,,,,,,EMOBON__um_
,EMOBON  water sample from station UMF collected on  size fraction um,,,,,,,,,,,,,,,,,,,,,,,,,,,,,,,,,,,,,EMOBON__um_
,EMOBON  water sample from station UMF collected on  size fraction um,,,,,,,,,,,,,,,,,,,,,,,,,,,,,,,,,,,,,EMOBON__um_
,EMOBON  water sample from station UMF collected on  size fraction um,,,,,,,,,,,,,,,,,,,,,,,,,,,,,,,,,,,,,EMOBON__um_
,EMOBON  water sample from station UMF collected on  size fraction um,,,,,,,,,,,,,,,,,,,,,,,,,,,,,,,,,,,,,EMOBON__um_
,EMOBON  water sample from station UMF collected on  size fraction um,,,,,,,,,,,,,,,,,,,,,,,,,,,,,,,,,,,,,EMOBON__um_
,EMOBON  water sample from station UMF collected on  size fraction um,,,,,,,,,,,,,,,,,,,,,,,,,,,,,,,,,,,,,EMOBON__um_
,EMOBON  water sample from station UMF collected on  size fraction um,,,,,,,,,,,,,,,,,,,,,,,,,,,,,,,,,,,,,EMOBON__um_
,EMOBON  water sample from station UMF collected on  size fraction um,,,,,,,,,,,,,,,,,,,,,,,,,,,,,,,,,,,,,EMOBON__um_
,EMOBON  water sample from station UMF collected on  size fraction um,,,,,,,,,,,,,,,,,,,,,,,,,,,,,,,,,,,,,EMOBON__um_
,EMOBON  water sample from station UMF collected on  size fraction um,,,,,,,,,,,,,,,,,,,,,,,,,,,,,,,,,,,,,EMOBON__um_
,EMOBON  water sample from station UMF collected on  size fraction um,,,,,,,,,,,,,,,,,,,,,,,,,,,,,,,,,,,,,EMOBON__um_
,EMOBON  water sample from station UMF collected on  size fraction um,,,,,,,,,,,,,,,,,,,,,,,,,,,,,,,,,,,,,EMOBON__um_
,EMOBON  water sample from station UMF collected on  size fraction um,,,,,,,,,,,,,,,,,,,,,,,,,,,,,,,,,,,,,EMOBON__um_
,EMOBON  water sample from station UMF collected on  size fraction um,,,,,,,,,,,,,,,,,,,,,,,,,,,,,,,,,,,,,EMOBON__um_
,EMOBON  water sample from station UMF collected on  size fraction um,,,,,,,,,,,,,,,,,,,,,,,,,,,,,,,,,,,,,EMOBON__um_
,EMOBON  water sample from station UMF collected on  size fraction um,,,,,,,,,,,,,,,,,,,,,,,,,,,,,,,,,,,,,EMOBON__um_
,EMOBON  water sample from station UMF collected on  size fraction um,,,,,,,,,,,,,,,,,,,,,,,,,,,,,,,,,,,,,EMOBON__um_
,EMOBON  water sample from station UMF collected on  size fraction um,,,,,,,,,,,,,,,,,,,,,,,,,,,,,,,,,,,,,EMOBON__um_
,EMOBON  water sample from station UMF collected on  size fraction um,,,,,,,,,,,,,,,,,,,,,,,,,,,,,,,,,,,,,EMOBON__um_
,EMOBON  water sample from station UMF collected on  size fraction um,,,,,,,,,,,,,,,,,,,,,,,,,,,,,,,,,,,,,EMOBON__um_
,EMOBON  water sample from station UMF collected on  size fraction um,,,,,,,,,,,,,,,,,,,,,,,,,,,,,,,,,,,,,EMOBON__um_
,EMOBON  water sample from station UMF collected on  size fraction um,,,,,,,,,,,,,,,,,,,,,,,,,,,,,,,,,,,,,EMOBON__um_
,EMOBON  water sample from station UMF collected on  size fraction um,,,,,,,,,,,,,,,,,,,,,,,,,,,,,,,,,,,,,EMOBON__um_
,EMOBON  water sample from station UMF collected on  size fraction um,,,,,,,,,,,,,,,,,,,,,,,,,,,,,,,,,,,,,EMOBON__um_
,EMOBON  water sample from station UMF collected on  size fraction um,,,,,,,,,,,,,,,,,,,,,,,,,,,,,,,,,,,,,EMOBON__um_
,EMOBON  water sample from station UMF collected on  size fraction um,,,,,,,,,,,,,,,,,,,,,,,,,,,,,,,,,,,,,EMOBON__um_
,EMOBON  water sample from station UMF collected on  size fraction um,,,,,,,,,,,,,,,,,,,,,,,,,,,,,,,,,,,,,EMOBON__um_
,EMOBON  water sample from station UMF collected on  size fraction um,,,,,,,,,,,,,,,,,,,,,,,,,,,,,,,,,,,,,EMOBON__um_
,EMOBON  water sample from station UMF collected on  size fraction um,,,,,,,,,,,,,,,,,,,,,,,,,,,,,,,,,,,,,EMOBON__um_
,EMOBON  water sample from station UMF collected on  size fraction um,,,,,,,,,,,,,,,,,,,,,,,,,,,,,,,,,,,,,EMOBON__um_
,EMOBON  water sample from station UMF collected on  size fraction um,,,,,,,,,,,,,,,,,,,,,,,,,,,,,,,,,,,,,EMOBON__um_
,EMOBON  water sample from station UMF collected on  size fraction um,,,,,,,,,,,,,,,,,,,,,,,,,,,,,,,,,,,,,EMOBON__um_
,EMOBON  water sample from station UMF collected on  size fraction um,,,,,,,,,,,,,,,,,,,,,,,,,,,,,,,,,,,,,EMOBON__um_
,EMOBON  water sample from station UMF collected on  size fraction um,,,,,,,,,,,,,,,,,,,,,,,,,,,,,,,,,,,,,EMOBON__um_
,EMOBON  water sample from station UMF collected on  size fraction um,,,,,,,,,,,,,,,,,,,,,,,,,,,,,,,,,,,,,EMOBON__um_
,EMOBON  water sample from station UMF collected on  size fraction um,,,,,,,,,,,,,,,,,,,,,,,,,,,,,,,,,,,,,EMOBON__um_
,EMOBON  water sample from station UMF collected on  size fraction um,,,,,,,,,,,,,,,,,,,,,,,,,,,,,,,,,,,,,EMOBON__um_
,EMOBON  water sample from station UMF collected on  size fraction um,,,,,,,,,,,,,,,,,,,,,,,,,,,,,,,,,,,,,EMOBON__um_
,EMOBON  water sample from station UMF collected on  size fraction um,,,,,,,,,,,,,,,,,,,,,,,,,,,,,,,,,,,,,EMOBON__um_
,EMOBON  water sample from station UMF collected on  size fraction um,,,,,,,,,,,,,,,,,,,,,,,,,,,,,,,,,,,,,EMOBON__um_
,EMOBON  water sample from station UMF collected on  size fraction um,,,,,,,,,,,,,,,,,,,,,,,,,,,,,,,,,,,,,EMOBON__um_
,EMOBON  water sample from station UMF collected on  size fraction um,,,,,,,,,,,,,,,,,,,,,,,,,,,,,,,,,,,,,EMOBON__um_
,EMOBON  water sample from station UMF collected on  size fraction um,,,,,,,,,,,,,,,,,,,,,,,,,,,,,,,,,,,,,EMOBON__um_
,EMOBON  water sample from station UMF collected on  size fraction um,,,,,,,,,,,,,,,,,,,,,,,,,,,,,,,,,,,,,EMOBON__um_
,EMOBON  water sample from station UMF collected on  size fraction um,,,,,,,,,,,,,,,,,,,,,,,,,,,,,,,,,,,,,EMOBON__um_
,EMOBON  water sample from station UMF collected on  size fraction um,,,,,,,,,,,,,,,,,,,,,,,,,,,,,,,,,,,,,EMOBON__um_
,EMOBON  water sample from station UMF collected on  size fraction um,,,,,,,,,,,,,,,,,,,,,,,,,,,,,,,,,,,,,EMOBON__um_
,EMOBON  water sample from station UMF collected on  size fraction um,,,,,,,,,,,,,,,,,,,,,,,,,,,,,,,,,,,,,EMOBON__um_
,EMOBON  water sample from station UMF collected on  size fraction um,,,,,,,,,,,,,,,,,,,,,,,,,,,,,,,,,,,,,EMOBON__um_
,EMOBON  water sample from station UMF collected on  size fraction um,,,,,,,,,,,,,,,,,,,,,,,,,,,,,,,,,,,,,EMOBON__um_
,EMOBON  water sample from station UMF collected on  size fraction um,,,,,,,,,,,,,,,,,,,,,,,,,,,,,,,,,,,,,EMOBON__um_
,EMOBON  water sample from station UMF collected on  size fraction um,,,,,,,,,,,,,,,,,,,,,,,,,,,,,,,,,,,,,EMOBON__um_
,EMOBON  water sample from station UMF collected on  size fraction um,,,,,,,,,,,,,,,,,,,,,,,,,,,,,,,,,,,,,EMOBON__um_
,EMOBON  water sample from station UMF collected on  size fraction um,,,,,,,,,,,,,,,,,,,,,,,,,,,,,,,,,,,,,EMOBON__um_
,EMOBON  water sample from station UMF collected on  size fraction um,,,,,,,,,,,,,,,,,,,,,,,,,,,,,,,,,,,,,EMOBON__um_
,EMOBON  water sample from station UMF collected on  size fraction um,,,,,,,,,,,,,,,,,,,,,,,,,,,,,,,,,,,,,EMOBON__um_
,EMOBON  water sample from station UMF collected on  size fraction um,,,,,,,,,,,,,,,,,,,,,,,,,,,,,,,,,,,,,EMOBON__um_
,EMOBON  water sample from station UMF collected on  size fraction um,,,,,,,,,,,,,,,,,,,,,,,,,,,,,,,,,,,,,EMOBON__um_
,EMOBON  water sample from station UMF collected on  size fraction um,,,,,,,,,,,,,,,,,,,,,,,,,,,,,,,,,,,,,EMOBON__um_
,EMOBON  water sample from station UMF collected on  size fraction um,,,,,,,,,,,,,,,,,,,,,,,,,,,,,,,,,,,,,EMOBON__um_
,,,,,,,,,,,,,,,,,,,,,,,,,,,,,,,,,,,,,,EMOBON__um_
,,,,,,,,,,,,,,,,,,,,,,,,,,,,,,,,,,,,,,EMOBON__um_
,,,,,,,,,,,,,,,,,,,,,,,,,,,,,,,,,,,,,,EMOBON__um_
,,,,,,,,,,,,,,,,,,,,,,,,,,,,,,,,,,,,,,EMOBON__um_
,,,,,,,,,,,,,,,,,,,,,,,,,,,,,,,,,,,,,,EMOBON__um_
,,,,,,,,,,,,,,,,,,,,,,,,,,,,,,,,,,,,,,EMOBON__um_
,,,,,,,,,,,,,,,,,,,,,,,,,,,,,,,,,,,,,,EMOBON__um_
,,,,,,,,,,,,,,,,,,,,,,,,,,,,,,,,,,,,,,EMOBON__um_
,,,,,,,,,,,,,,,,,,,,,,,,,,,,,,,,,,,,,,EMOBON__um_
,,,,,,,,,,,,,,,,,,,,,,,,,,,,,,,,,,,,,,EMOBON__um_
,,,,,,,,,,,,,,,,,,,,,,,,,,,,,,,,,,,,,,EMOBON__um_
,,,,,,,,,,,,,,,,,,,,,,,,,,,,,,,,,,,,,,EMOBON__um_
,,,,,,,,,,,,,,,,,,,,,,,,,,,,,,,,,,,,,,EMOBON__um_
,,,,,,,,,,,,,,,,,,,,,,,,,,,,,,,,,,,,,,EMOBON__um_
,,,,,,,,,,,,,,,,,,,,,,,,,,,,,,,,,,,,,,EMOBON__um_
,,,,,,,,,,,,,,,,,,,,,,,,,,,,,,,,,,,,,,EMOBON__um_
,,,,,,,,,,,,,,,,,,,,,,,,,,,,,,,,,,,,,,EMOBON__um_
,,,,,,,,,,,,,,,,,,,,,,,,,,,,,,,,,,,,,,EMOBON__um_
,,,,,,,,,,,,,,,,,,,,,,,,,,,,,,,,,,,,,,EMOBON__um_
,,,,,,,,,,,,,,,,,,,,,,,,,,,,,,,,,,,,,,EMOBON__um_
,,,,,,,,,,,,,,,,,,,,,,,,,,,,,,,,,,,,,,EMOBON__um_
