source_mat_id_orig,samp_description,tax_id,scientific_name,investigation_type,env_material,collection_date,sampling_event,sampl_person,sampl_person_orcid,tidal_stage,noteworthy_env_cond,depth,replicate,samp_size_vol,time_fi,size_frac,size_frac_low,size_frac_up,membr_cut,samp_collect_device,samp_mat_process,samp_mat_process_dev,samp_store_date,samp_store_loc,samp_store_temp,store_person,store_person_orcid,other_person,other_person_orcid,long_store,ship_date,arr_date_hq,store_temp_hq,ship_date_seq,arr_date_seq,failure,failure_comment,ENA_accession_number_sample,source_mat_id
EMO BON UMF Wa 220830 3um (1),EMOBON metagenome water sample from station UMF collected on 2022-08-30 size fraction 3-200um,1874687,marine plankton metagenome,metagenome,marine water body [ENVO:00001999],2022-08-30 00:00:00,UMF_Wa_220830,Annie Marie Cox,,no_tide,,1,1,5,3,3-200,3,200,Y,Niskin,WaSOP1,vacuum pump,2022-08-30 00:00:00,"UMF, A13B passage, -80 freezer",-80,Annie Marie Cox,NA,NA,NA,N,2022-10-10 00:00:00,2022-10-12 00:00:00,-70,2023-06-01 00:00:00,2023-06-01 00:00:00,NA,NA,NA,EMOBON_UMF_Wa_1
EMO BON UMF Wa 220830 3um (2),EMOBON metagenome water sample from station UMF collected on 2022-08-30 size fraction 3-200um,1874687,marine plankton metagenome,metagenome,marine water body [ENVO:00001999],2022-08-30 00:00:00,UMF_Wa_220830,Annie Marie Cox,,no_tide,,1,2,5,3,3-200,3,200,Y,Niskin,WaSOP1,vacuum pump,2022-08-30 00:00:00,"UMF, A13B passage, -80 freezer",-80,Annie Marie Cox,NA,NA,NA,N,2022-10-10 00:00:00,2022-10-12 00:00:00,-70,2023-06-01 00:00:00,2023-06-01 00:00:00,NA,NA,NA,EMOBON_UMF_Wa_2
EMO BON UMF Wa 220830 3um (3),EMOBON metagenome water sample from station UMF collected on 2022-08-30 size fraction 3-200um,1874687,marine plankton metagenome,metagenome,marine water body [ENVO:00001999],2022-08-30 00:00:00,UMF_Wa_220830,Annie Marie Cox,,no_tide,,1,3,5,3,3-200,3,200,Y,Niskin,WaSOP1,vacuum pump,2022-08-30 00:00:00,"UMF, A13B passage, -80 freezer",-80,Annie Marie Cox,NA,NA,NA,Y,NA,NA,NA,NA,NA,NA,NA,NA,EMOBON_UMF_Wa_3
EMO BON UMF Wa 220830 3um (4),EMOBON metagenome water sample from station UMF collected on 2022-08-30 size fraction 3-200um,1874687,marine plankton metagenome,metagenome,marine water body [ENVO:00001999],2022-08-30 00:00:00,UMF_Wa_220830,Annie Marie Cox,,no_tide,,1,4,5,3,3-200,3,200,Y,Niskin,WaSOP1,vacuum pump,2022-08-30 00:00:00,"UMF, A13B passage, -80 freezer",-80,Annie Marie Cox,NA,NA,NA,Y,NA,NA,NA,NA,NA,NA,NA,NA,EMOBON_UMF_Wa_4
EMO BON UMF Wa 220830 0.2um (1),EMOBON metagenome water sample from station UMF collected on 2022-08-30 size fraction 0.2-3um,1874687,marine plankton metagenome,metagenome,marine water body [ENVO:00001999],2022-08-30 00:00:00,UMF_Wa_220830,Annie Marie Cox,,no_tide,,1,1,5,3,0.2-3,0.2,3,Y,Niskin,WaSOP1,vacuum pump,2022-08-30 00:00:00,"UMF, A13B passage, -80 freezer",-80,Annie Marie Cox,NA,NA,NA,N,2022-10-10 00:00:00,2022-10-12 00:00:00,-70,2023-06-01 00:00:00,2023-06-01 00:00:00,NA,NA,NA,EMOBON_UMF_Wa_5
EMO BON UMF Wa 220830 0.2um (2),EMOBON metagenome water sample from station UMF collected on 2022-08-30 size fraction 0.2-3um,1874687,marine plankton metagenome,metagenome,marine water body [ENVO:00001999],2022-08-30 00:00:00,UMF_Wa_220830,Annie Marie Cox,,no_tide,,1,2,5,3,0.2-3,0.2,3,Y,Niskin,WaSOP1,vacuum pump,2022-08-30 00:00:00,"UMF, A13B passage, -80 freezer",-80,Annie Marie Cox,NA,NA,NA,N,2022-10-10 00:00:00,2022-10-12 00:00:00,-70,2023-06-01 00:00:00,2023-06-01 00:00:00,NA,NA,NA,EMOBON_UMF_Wa_6
EMO BON UMF Wa 220830 0.2um (3),EMOBON metagenome water sample from station UMF collected on 2022-08-30 size fraction 0.2-3um,1874687,marine plankton metagenome,metagenome,marine water body [ENVO:00001999],2022-08-30 00:00:00,UMF_Wa_220830,Annie Marie Cox,,no_tide,,1,3,5,3,0.2-3,0.2,3,Y,Niskin,WaSOP1,vacuum pump,2022-08-30 00:00:00,"UMF, A13B passage, -80 freezer",-80,Annie Marie Cox,NA,NA,NA,Y,NA,NA,NA,NA,NA,NA,NA,NA,EMOBON_UMF_Wa_7
EMO BON UMF Wa 220830 0.2um (4),EMOBON metagenome water sample from station UMF collected on 2022-08-30 size fraction 0.2-3um,1874687,marine plankton metagenome,metagenome,marine water body [ENVO:00001999],2022-08-30 00:00:00,UMF_Wa_220830,Annie Marie Cox,,no_tide,,1,4,5,3,0.2-3,0.2,3,Y,Niskin,WaSOP1,vacuum pump,2022-08-30 00:00:00,"UMF, A13B passage, -80 freezer",-80,Annie Marie Cox,NA,NA,NA,Y,NA,NA,NA,NA,NA,NA,NA,NA,EMOBON_UMF_Wa_8
EMO BON UMF Wa 220830 3um (Blank),EMOBON metagenome water sample from station UMF collected on 2022-08-30 size fraction 3-200um,256318,metagenome,metagenome,marine water body [ENVO:00001999],2022-08-30 00:00:00,UMF_Wa_220830,Annie Marie Cox,,no_tide,,NA,blank_1,5,0,3-200,3,200,N,NA,WaSOP1,vacuum pump,2022-08-30 00:00:00,"UMF, A13B passage, -80 freezer",-80,Annie Marie Cox,NA,NA,NA,Y,NA,NA,NA,NA,NA,NA,NA,NA,EMOBON_UMF_Wa_9
EMO BON UMF Wa 220830 0.22um (Blank),EMOBON metagenome water sample from station UMF collected on 2022-08-30 size fraction 0.2-3um,256318,metagenome,metagenome,marine water body [ENVO:00001999],2022-08-30 00:00:00,UMF_Wa_220830,Annie Marie Cox,,no_tide,,NA,blank_1,5,0,0.2-3,0.2,3,N,NA,WaSOP1,vacuum pump,2022-08-30 00:00:00,"UMF, A13B passage, -80 freezer",-80,Annie Marie Cox,NA,NA,NA,Y,NA,NA,NA,NA,NA,NA,NA,NA,EMOBON_UMF_Wa_10
EMO BON UMF Wa 220830 10um (1),EMOBON metagenome water sample from station UMF collected on 2022-08-30 size fraction 10-20um,1874687,marine plankton metagenome,metagenome,marine water body [ENVO:00001999],2022-08-30 00:00:00,UMF_Wa_220830,Annie Marie Cox,,no_tide,,NA,1,0.25,3,10-20,10,2000,N,plankton net ,WaSOP2,"net haul, 1-10 m, diluted with water from 1m",2022-08-30 00:00:00,"UMF, A13B passage, -80 freezer",-80,Annie Marie Cox,NA,NA,NA,N,2022-10-10 00:00:00,2022-10-12 00:00:00,-70,2023-06-01 00:00:00,2023-06-01 00:00:00,NA,NA,NA,EMOBON_UMF_Wa_11
EMO BON UMF Wa 220830 10um (2),EMOBON metagenome water sample from station UMF collected on 2022-08-30 size fraction 10-20um,1874687,marine plankton metagenome,metagenome,marine water body [ENVO:00001999],2022-08-30 00:00:00,UMF_Wa_220830,Annie Marie Cox,,no_tide,,NA,2,0.25,3,10-20,10,2000,N,plankton net ,WaSOP2,"net haul, 1-10 m, diluted with water from 1m",2022-08-30 00:00:00,"UMF, A13B passage, -80 freezer",-80,Annie Marie Cox,NA,NA,NA,N,2022-10-10 00:00:00,2022-10-12 00:00:00,-70,2023-06-01 00:00:00,2023-06-01 00:00:00,NA,NA,NA,EMOBON_UMF_Wa_12
EMO BON UMF Wa 220830 10um (3),EMOBON metagenome water sample from station UMF collected on 2022-08-30 size fraction 10-20um,1874687,marine plankton metagenome,metagenome,marine water body [ENVO:00001999],2022-08-30 00:00:00,UMF_Wa_220830,Annie Marie Cox,,no_tide,,NA,3,0.25,3,10-20,10,2000,N,plankton net ,WaSOP2,"net haul, 1-10 m, diluted with water from 1m",2022-08-30 00:00:00,"UMF, A13B passage, -80 freezer",-80,Annie Marie Cox,NA,NA,NA,Y,NA,NA,NA,NA,NA,NA,NA,NA,EMOBON_UMF_Wa_13
EMO BON UMF Wa 220830 10um (4),EMOBON metagenome water sample from station UMF collected on 2022-08-30 size fraction 10-20um,1874687,marine plankton metagenome,metagenome,marine water body [ENVO:00001999],2022-08-30 00:00:00,UMF_Wa_220830,Annie Marie Cox,,no_tide,,NA,4,0.25,3,10-20,10,2000,N,plankton net ,WaSOP2,"net haul (10 µm), 1-10 m, diluted with water from 1m",2022-08-30 00:00:00,"UMF, A13B passage, -80 freezer",-80,Annie Marie Cox,NA,NA,NA,Y,NA,NA,NA,NA,NA,NA,NA,NA,EMOBON_UMF_Wa_14
EMO BON UMF Wa 220830 10um (blank),EMOBON metagenome water sample from station UMF collected on 2022-08-30 size fraction 10-20um,256318,metagenome,metagenome,marine water body [ENVO:00001999],2022-08-30 00:00:00,UMF_Wa_220830,Annie Marie Cox,,no_tide,,NA,blank_1,0.25,0,10-20,10,2000,N,plankton net ,WaSOP2,mq,2022-08-30 00:00:00,"UMF, A13B passage, -80 freezer",-80,Annie Marie Cox,NA,NA,NA,Y,NA,NA,NA,NA,NA,NA,NA,NA,EMOBON_UMF_Wa_15
EMO BON UMF Wa 220830 0.2um_1L,EMOBON metagenome water sample from station UMF collected on 2022-08-30 size fraction 0.2-3um,1874687,marine plankton metagenome,metagenome,marine water body [ENVO:00001999],2022-08-30 00:00:00,UMF_Wa_220830,Annie Marie Cox,,no_tide,,1,1,1,3,0.2-3,0.2,3,Y,Niskin,WaSOP1,vacuum pump,2022-08-30 00:00:00,"UMF, A13B passage, -80 freezer",-80,Annie Marie Cox,NA,NA,NA,N,2022-10-10 00:00:00,2022-10-12 00:00:00,-70,2023-06-01 00:00:00,2023-06-01 00:00:00,NA,NA,NA,EMOBON_UMF_Wa_16
EMO BON UMF Wa 220830 0.2um_2L,EMOBON metagenome water sample from station UMF collected on 2022-08-30 size fraction 0.2-3um,1874687,marine plankton metagenome,metagenome,marine water body [ENVO:00001999],2022-08-30 00:00:00,UMF_Wa_220830,Annie Marie Cox,,no_tide,,1,2,2,3,0.2-3,0.2,3,Y,Niskin,WaSOP1,vacuum pump,2022-08-30 00:00:00,"UMF, A13B passage, -80 freezer",-80,Annie Marie Cox,NA,NA,NA,N,2022-10-10 00:00:00,2022-10-12 00:00:00,-70,2023-06-01 00:00:00,2023-06-01 00:00:00,NA,NA,NA,EMOBON_UMF_Wa_17
EMO BON UMF Wa 220830 0.2um_3L,EMOBON metagenome water sample from station UMF collected on 2022-08-30 size fraction 0.2-3um,1874687,marine plankton metagenome,metagenome,marine water body [ENVO:00001999],2022-08-30 00:00:00,UMF_Wa_220830,Annie Marie Cox,,no_tide,,1,3,3,3,0.2-3,0.2,3,Y,Niskin,WaSOP1,vacuum pump,2022-08-30 00:00:00,"UMF, A13B passage, -80 freezer",-80,Annie Marie Cox,NA,NA,NA,N,2022-10-10 00:00:00,2022-10-12 00:00:00,-70,2023-06-01 00:00:00,2023-06-01 00:00:00,NA,NA,NA,EMOBON_UMF_Wa_18
EMO BON UMF Wa 220830 0.2um_4L,EMOBON metagenome water sample from station UMF collected on 2022-08-30 size fraction 0.2-3um,1874687,marine plankton metagenome,metagenome,marine water body [ENVO:00001999],2022-08-30 00:00:00,UMF_Wa_220830,Annie Marie Cox,,no_tide,,1,4,4,3,0.2-3,0.2,3,Y,Niskin,WaSOP1,vacuum pump,2022-08-30 00:00:00,"UMF, A13B passage, -80 freezer",-80,Annie Marie Cox,NA,NA,NA,N,2022-10-10 00:00:00,2022-10-12 00:00:00,-70,2023-06-01 00:00:00,2023-06-01 00:00:00,NA,NA,NA,EMOBON_UMF_Wa_19
EMO BON UMF Wa 221025 3um (1),EMOBON metagenome water sample from station UMF collected on 2022-10-25 size fraction 3-200um,1874687,marine plankton metagenome,metagenome,marine water body [ENVO:00001999],2022-10-25 00:00:00,UMF_Wa_221025,Annie Marie Cox,,no_tide,,1,1,5,1,3-200,3,200,Y,Niskin,WaSOP1,vacuum pump,2022-10-25 00:00:00,"UMF, A13B passage, -80 freezer",-80,Annie Marie Cox,NA,NA,NA,N,2023-06-12 00:00:00,2023-06-14 00:00:00,-70,,,NA,NA,NA,EMOBON_UMF_Wa_20
EMO BON UMF Wa 221025 3um (2),EMOBON metagenome water sample from station UMF collected on 2022-10-25 size fraction 3-200um,1874687,marine plankton metagenome,metagenome,marine water body [ENVO:00001999],2022-10-25 00:00:00,UMF_Wa_221025,Annie Marie Cox,,no_tide,,1,2,5,1,3-200,3,200,Y,Niskin,WaSOP1,vacuum pump,2022-10-25 00:00:00,"UMF, A13B passage, -80 freezer",-80,Annie Marie Cox,NA,NA,NA,N,2023-06-12 00:00:00,2023-06-14 00:00:00,-70,,,NA,NA,NA,EMOBON_UMF_Wa_21
EMO BON UMF Wa 221025 3um (3),EMOBON metagenome water sample from station UMF collected on 2022-10-25 size fraction 3-200um,1874687,marine plankton metagenome,metagenome,marine water body [ENVO:00001999],2022-10-25 00:00:00,UMF_Wa_221025,Annie Marie Cox,,no_tide,,1,3,5,1,3-200,3,200,Y,Niskin,WaSOP1,vacuum pump,2022-10-25 00:00:00,"UMF, A13B passage, -80 freezer",-80,Annie Marie Cox,NA,NA,NA,Y,NA,NA,NA,NA,NA,NA,NA,NA,EMOBON_UMF_Wa_22
EMO BON UMF Wa 221025 3um (4),EMOBON metagenome water sample from station UMF collected on 2022-10-25 size fraction 3-200um,1874687,marine plankton metagenome,metagenome,marine water body [ENVO:00001999],2022-10-25 00:00:00,UMF_Wa_221025,Annie Marie Cox,,no_tide,,1,4,5,1,3-200,3,200,Y,Niskin,WaSOP1,vacuum pump,2022-10-25 00:00:00,"UMF, A13B passage, -80 freezer",-80,Annie Marie Cox,NA,NA,NA,Y,NA,NA,NA,NA,NA,NA,NA,NA,EMOBON_UMF_Wa_23
EMO BON UMF Wa 221025 0.2um (1),EMOBON metagenome water sample from station UMF collected on 2022-10-25 size fraction 0.2-3um,1874687,marine plankton metagenome,metagenome,marine water body [ENVO:00001999],2022-10-25 00:00:00,UMF_Wa_221025,Annie Marie Cox,,no_tide,,1,1,3.18,1,0.2-3,0.2,3,Y,Niskin,WaSOP1,vacuum pump,2022-10-25 00:00:00,"UMF, A13B passage, -80 freezer",-80,Annie Marie Cox,NA,NA,NA,N,2023-06-12 00:00:00,2023-06-14 00:00:00,-70,,,NA,NA,NA,EMOBON_UMF_Wa_24
EMO BON UMF Wa 221025 0.2um (2),EMOBON metagenome water sample from station UMF collected on 2022-10-25 size fraction 0.2-3um,1874687,marine plankton metagenome,metagenome,marine water body [ENVO:00001999],2022-10-25 00:00:00,UMF_Wa_221025,Annie Marie Cox,,no_tide,,1,2,3.18,1,0.2-3,0.2,3,Y,Niskin,WaSOP1,vacuum pump,2022-10-25 00:00:00,"UMF, A13B passage, -80 freezer",-80,Annie Marie Cox,NA,NA,NA,N,2023-06-12 00:00:00,2023-06-14 00:00:00,-70,,,NA,NA,NA,EMOBON_UMF_Wa_25
EMO BON UMF Wa 221025 0.2um (3),EMOBON metagenome water sample from station UMF collected on 2022-10-25 size fraction 0.2-3um,1874687,marine plankton metagenome,metagenome,marine water body [ENVO:00001999],2022-10-25 00:00:00,UMF_Wa_221025,Annie Marie Cox,,no_tide,,1,3,2.47,1,0.2-3,0.2,3,Y,Niskin,WaSOP1,vacuum pump,2022-10-25 00:00:00,"UMF, A13B passage, -80 freezer",-80,Annie Marie Cox,NA,NA,NA,Y,NA,NA,NA,NA,NA,NA,NA,NA,EMOBON_UMF_Wa_26
EMO BON UMF Wa 221025 0.2um (4),EMOBON metagenome water sample from station UMF collected on 2022-10-25 size fraction 0.2-3um,1874687,marine plankton metagenome,metagenome,marine water body [ENVO:00001999],2022-10-25 00:00:00,UMF_Wa_221025,Annie Marie Cox,,no_tide,,1,4,2.47,1,0.2-3,0.2,3,Y,Niskin,WaSOP1,vacuum pump,2022-10-25 00:00:00,"UMF, A13B passage, -80 freezer",-80,Annie Marie Cox,NA,NA,NA,Y,NA,NA,NA,NA,NA,NA,NA,NA,EMOBON_UMF_Wa_27
EMO BON UMF Wa 221025 3um (Blank),EMOBON metagenome water sample from station UMF collected on 2022-10-25 size fraction 3-200um,256318,metagenome,metagenome,marine water body [ENVO:00001999],2022-10-25 00:00:00,UMF_Wa_221025,Annie Marie Cox,,no_tide,,NA,blank_1,5,0,3-200,3,200,N,NA,WaSOP1,vacuum pump,2022-10-25 00:00:00,"UMF, A13B passage, -80 freezer",-80,Annie Marie Cox,NA,NA,NA,Y,NA,NA,NA,NA,NA,NA,NA,NA,EMOBON_UMF_Wa_28
EMO BON UMF Wa 221025 0.22um (Blank),EMOBON metagenome water sample from station UMF collected on 2022-10-25 size fraction 0.2-3um,256318,metagenome,metagenome,marine water body [ENVO:00001999],2022-10-25 00:00:00,UMF_Wa_221025,Annie Marie Cox,,no_tide,,NA,blank_1,5,0,0.2-3,0.2,3,N,NA,WaSOP1,vacuum pump,2022-10-25 00:00:00,"UMF, A13B passage, -80 freezer",-80,Annie Marie Cox,NA,NA,NA,Y,NA,NA,NA,NA,NA,NA,NA,NA,EMOBON_UMF_Wa_29
EMO BON UMF Wa 221025 10um (1),EMOBON metagenome water sample from station UMF collected on 2022-10-25 size fraction 10-20um,1874687,marine plankton metagenome,metagenome,marine water body [ENVO:00001999],2022-10-25 00:00:00,UMF_Wa_221025,Annie Marie Cox,,no_tide,,,1,0.25,2,10-20,10,2000,N,plankton net ,WaSOP2,"net haul, 1-10 m, diluted with water from 1m",2022-10-25 00:00:00,"UMF, A13B passage, -80 freezer",-80,Annie Marie Cox,NA,NA,NA,Y,NA,NA,NA,NA,NA,NA,NA,NA,EMOBON_UMF_Wa_30
EMO BON UMF Wa 221025 10um (2),EMOBON metagenome water sample from station UMF collected on 2022-10-25 size fraction 10-20um,1874687,marine plankton metagenome,metagenome,marine water body [ENVO:00001999],2022-10-25 00:00:00,UMF_Wa_221025,Annie Marie Cox,,no_tide,,,2,0.25,2,10-20,10,2000,N,plankton net ,WaSOP2,"net haul, 1-10 m, diluted with water from 1m",2022-10-25 00:00:00,"UMF, A13B passage, -80 freezer",-80,Annie Marie Cox,NA,NA,NA,Y,NA,NA,NA,NA,NA,NA,NA,NA,EMOBON_UMF_Wa_31
EMO BON UMF Wa 221025 10um (3),EMOBON metagenome water sample from station UMF collected on 2022-10-25 size fraction 10-20um,1874687,marine plankton metagenome,metagenome,marine water body [ENVO:00001999],2022-10-25 00:00:00,UMF_Wa_221025,Annie Marie Cox,,no_tide,,,3,0.25,2,10-20,10,2000,N,plankton net ,WaSOP2,"net haul, 1-10 m, diluted with water from 1m",2022-10-25 00:00:00,"UMF, A13B passage, -80 freezer",-80,Annie Marie Cox,NA,NA,NA,Y,NA,NA,NA,NA,NA,NA,NA,NA,EMOBON_UMF_Wa_32
EMO BON UMF Wa 221025 10um (4),EMOBON metagenome water sample from station UMF collected on 2022-10-25 size fraction 10-20um,1874687,marine plankton metagenome,metagenome,marine water body [ENVO:00001999],2022-10-25 00:00:00,UMF_Wa_221025,Annie Marie Cox,,no_tide,,,4,0.25,2,10-20,10,2000,N,plankton net ,WaSOP2,"net haul (10 µm), 1-10 m, diluted with water from 1m",2022-10-25 00:00:00,"UMF, A13B passage, -80 freezer",-80,Annie Marie Cox,NA,NA,NA,Y,NA,NA,NA,NA,NA,NA,NA,NA,EMOBON_UMF_Wa_33
EMO BON UMF Wa 221025 10um (blank),EMOBON metagenome water sample from station UMF collected on 2022-10-25 size fraction 10-20um,256318,metagenome,metagenome,marine water body [ENVO:00001999],2022-10-25 00:00:00,UMF_Wa_221025,Annie Marie Cox,,no_tide,,,blank_1,0.25,0,10-20,10,2000,N,plankton net ,WaSOP2,mq,2022-10-25 00:00:00,"UMF, A13B passage, -80 freezer",-80,Annie Marie Cox,NA,NA,NA,Y,NA,NA,NA,NA,NA,NA,NA,NA,EMOBON_UMF_Wa_34
EMO BON UMF Wa 221201 3um (1),EMOBON metagenome water sample from station UMF collected on 2022-12-01 size fraction 3-200um,1874687,marine plankton metagenome,metagenome,marine water body [ENVO:00001999],2022-12-01 00:00:00,UMF_Wa_221201,Annie Marie Cox,,no_tide,,1,1,5,1,3-200,3,200,Y,Niskin,WaSOP1,vacuum pump,2022-12-01 00:00:00,"UMF, A13B passage, -80 freezer",-80,Annie Marie Cox,NA,NA,NA,N,2023-06-12 00:00:00,2023-06-14 00:00:00,-70,,,NA,NA,NA,EMOBON_UMF_Wa_35
EMO BON UMF Wa 221201 3um (2),EMOBON metagenome water sample from station UMF collected on 2022-12-01 size fraction 3-200um,1874687,marine plankton metagenome,metagenome,marine water body [ENVO:00001999],2022-12-01 00:00:00,UMF_Wa_221201,Annie Marie Cox,,no_tide,,1,2,5,1,3-200,3,200,Y,Niskin,WaSOP1,vacuum pump,2022-12-01 00:00:00,"UMF, A13B passage, -80 freezer",-80,Annie Marie Cox,NA,NA,NA,N,2023-06-12 00:00:00,2023-06-14 00:00:00,-70,,,NA,NA,NA,EMOBON_UMF_Wa_36
EMO BON UMF Wa 221201 3um (3),EMOBON metagenome water sample from station UMF collected on 2022-12-01 size fraction 3-200um,1874687,marine plankton metagenome,metagenome,marine water body [ENVO:00001999],2022-12-01 00:00:00,UMF_Wa_221201,Annie Marie Cox,,no_tide,,1,3,5,1,3-200,3,200,Y,Niskin,WaSOP1,vacuum pump,2022-12-01 00:00:00,"UMF, A13B passage, -80 freezer",-80,Annie Marie Cox,NA,NA,NA,Y,NA,NA,NA,NA,NA,NA,NA,NA,EMOBON_UMF_Wa_37
EMO BON UMF Wa 221201 3um (4),EMOBON metagenome water sample from station UMF collected on 2022-12-01 size fraction 3-200um,1874687,marine plankton metagenome,metagenome,marine water body [ENVO:00001999],2022-12-01 00:00:00,UMF_Wa_221201,Annie Marie Cox,,no_tide,,1,4,5,1,3-200,3,200,Y,Niskin,WaSOP1,vacuum pump,2022-12-01 00:00:00,"UMF, A13B passage, -80 freezer",-80,Annie Marie Cox,NA,NA,NA,Y,NA,NA,NA,NA,NA,NA,NA,NA,EMOBON_UMF_Wa_38
EMO BON UMF Wa 221201 0.2um (1),EMOBON metagenome water sample from station UMF collected on 2022-12-01 size fraction 0.2-3um,1874687,marine plankton metagenome,metagenome,marine water body [ENVO:00001999],2022-12-01 00:00:00,UMF_Wa_221201,Annie Marie Cox,,no_tide,,1,1,3.92,1,0.2-3,0.2,3,Y,Niskin,WaSOP1,vacuum pump,2022-12-01 00:00:00,"UMF, A13B passage, -80 freezer",-80,Annie Marie Cox,NA,NA,NA,N,2023-06-12 00:00:00,2023-06-14 00:00:00,-70,,,NA,NA,NA,EMOBON_UMF_Wa_39
EMO BON UMF Wa 221201 0.2um (2),EMOBON metagenome water sample from station UMF collected on 2022-12-01 size fraction 0.2-3um,1874687,marine plankton metagenome,metagenome,marine water body [ENVO:00001999],2022-12-01 00:00:00,UMF_Wa_221201,Annie Marie Cox,,no_tide,,1,2,3.92,1,0.2-3,0.2,3,Y,Niskin,WaSOP1,vacuum pump,2022-12-01 00:00:00,"UMF, A13B passage, -80 freezer",-80,Annie Marie Cox,NA,NA,NA,N,2023-06-12 00:00:00,2023-06-14 00:00:00,-70,,,NA,NA,NA,EMOBON_UMF_Wa_40
EMO BON UMF Wa 221201 0.2um (3),EMOBON metagenome water sample from station UMF collected on 2022-12-01 size fraction 0.2-3um,1874687,marine plankton metagenome,metagenome,marine water body [ENVO:00001999],2022-12-01 00:00:00,UMF_Wa_221201,Annie Marie Cox,,no_tide,,1,3,3.7,1,0.2-3,0.2,3,Y,Niskin,WaSOP1,vacuum pump,2022-12-01 00:00:00,"UMF, A13B passage, -80 freezer",-80,Annie Marie Cox,NA,NA,NA,Y,NA,NA,NA,NA,NA,NA,NA,NA,EMOBON_UMF_Wa_41
EMO BON UMF Wa 221201 0.2um (4),EMOBON metagenome water sample from station UMF collected on 2022-12-01 size fraction 0.2-3um,1874687,marine plankton metagenome,metagenome,marine water body [ENVO:00001999],2022-12-01 00:00:00,UMF_Wa_221201,Annie Marie Cox,,no_tide,,1,4,3.7,1,0.2-3,0.2,3,Y,Niskin,WaSOP1,vacuum pump,2022-12-01 00:00:00,"UMF, A13B passage, -80 freezer",-80,Annie Marie Cox,NA,NA,NA,Y,NA,NA,NA,NA,NA,NA,NA,NA,EMOBON_UMF_Wa_42
EMO BON UMF Wa 221201 3um (Blank),EMOBON metagenome water sample from station UMF collected on 2022-12-01 size fraction 3-200um,256318,metagenome,metagenome,marine water body [ENVO:00001999],2022-12-01 00:00:00,UMF_Wa_221201,Annie Marie Cox,,no_tide,,NA,blank_1,5,0,3-200,3,200,N,NA,WaSOP1,vacuum pump,2022-12-01 00:00:00,"UMF, A13B passage, -80 freezer",-80,Annie Marie Cox,NA,NA,NA,Y,NA,NA,NA,NA,NA,NA,NA,NA,EMOBON_UMF_Wa_43
EMO BON UMF Wa 221201 0.22um (Blank),EMOBON metagenome water sample from station UMF collected on 2022-12-01 size fraction 0.2-3um,256318,metagenome,metagenome,marine water body [ENVO:00001999],2022-12-01 00:00:00,UMF_Wa_221201,Annie Marie Cox,,no_tide,,NA,blank_1,5,0,0.2-3,0.2,3,N,NA,WaSOP1,vacuum pump,2022-12-01 00:00:00,"UMF, A13B passage, -80 freezer",-80,Annie Marie Cox,NA,NA,NA,Y,NA,NA,NA,NA,NA,NA,NA,NA,EMOBON_UMF_Wa_44
EMO BON UMF Wa 221201 10um (1),EMOBON metagenome water sample from station UMF collected on 2022-12-01 size fraction 10-20um,1874687,marine plankton metagenome,metagenome,marine water body [ENVO:00001999],2022-12-01 00:00:00,UMF_Wa_221201,Annie Marie Cox,,no_tide,,,1,0.25,2,10-20,10,2000,N,plankton net ,WaSOP2,"net haul, 1-10 m, diluted with water from 1m",2022-12-01 00:00:00,"UMF, A13B passage, -80 freezer",-80,Annie Marie Cox,NA,NA,NA,Y,NA,NA,NA,NA,NA,NA,NA,NA,EMOBON_UMF_Wa_45
EMO BON UMF Wa 221201 10um (2),EMOBON metagenome water sample from station UMF collected on 2022-12-01 size fraction 10-20um,1874687,marine plankton metagenome,metagenome,marine water body [ENVO:00001999],2022-12-01 00:00:00,UMF_Wa_221201,Annie Marie Cox,,no_tide,,,2,0.25,2,10-20,10,2000,N,plankton net ,WaSOP2,"net haul, 1-10 m, diluted with water from 1m",2022-12-01 00:00:00,"UMF, A13B passage, -80 freezer",-80,Annie Marie Cox,NA,NA,NA,Y,NA,NA,NA,NA,NA,NA,NA,NA,EMOBON_UMF_Wa_46
EMO BON UMF Wa 221201 10um (3),EMOBON metagenome water sample from station UMF collected on 2022-12-01 size fraction 10-20um,1874687,marine plankton metagenome,metagenome,marine water body [ENVO:00001999],2022-12-01 00:00:00,UMF_Wa_221201,Annie Marie Cox,,no_tide,,,3,0.25,2,10-20,10,2000,N,plankton net ,WaSOP2,"net haul, 1-10 m, diluted with water from 1m",2022-12-01 00:00:00,"UMF, A13B passage, -80 freezer",-80,Annie Marie Cox,NA,NA,NA,Y,NA,NA,NA,NA,NA,NA,NA,NA,EMOBON_UMF_Wa_47
EMO BON UMF Wa 221201 10um (4),EMOBON metagenome water sample from station UMF collected on 2022-12-01 size fraction 10-20um,1874687,marine plankton metagenome,metagenome,marine water body [ENVO:00001999],2022-12-01 00:00:00,UMF_Wa_221201,Annie Marie Cox,,no_tide,,,4,0.25,2,10-20,10,2000,N,plankton net ,WaSOP2,"net haul (10 µm), 1-10 m, diluted with water from 1m",2022-12-01 00:00:00,"UMF, A13B passage, -80 freezer",-80,Annie Marie Cox,NA,NA,NA,Y,NA,NA,NA,NA,NA,NA,NA,NA,EMOBON_UMF_Wa_48
EMO BON UMF Wa 221201 10um (blank),EMOBON metagenome water sample from station UMF collected on 2022-12-01 size fraction 10-20um,256318,metagenome,metagenome,marine water body [ENVO:00001999],2022-12-01 00:00:00,UMF_Wa_221201,Annie Marie Cox,,no_tide,,,blank_1,0.25,0,10-20,10,2000,N,plankton net ,WaSOP2,mq,2022-12-01 00:00:00,"UMF, A13B passage, -80 freezer",-80,Annie Marie Cox,NA,NA,NA,Y,NA,NA,NA,NA,NA,NA,NA,NA,EMOBON_UMF_Wa_49
EMO BON UMF Wa 230228 3um (1),EMOBON metagenome water sample from station UMF collected on 2023-02-28 size fraction 3-200um,1874687,marine plankton metagenome,metagenome,marine water body [ENVO:00001999],2023-02-28 00:00:00,UMF_Wa_230228,Annie Marie Cox,,no_tide,,1,1,5,1,3-200,3,200,Y,Niskin,WaSOP1,vacuum pump,2023-02-28 00:00:00,"UMF, A13B passage, -80 freezer",-80,Annie Marie Cox,NA,NA,NA,N,2023-06-12 00:00:00,2023-06-14 00:00:00,-70,,,NA,NA,NA,EMOBON_UMF_Wa_50
EMO BON UMF Wa 230228 3um (2),EMOBON metagenome water sample from station UMF collected on 2023-02-28 size fraction 3-200um,1874687,marine plankton metagenome,metagenome,marine water body [ENVO:00001999],2023-02-28 00:00:00,UMF_Wa_230228,Annie Marie Cox,,no_tide,,1,2,5,1,3-200,3,200,Y,Niskin,WaSOP1,vacuum pump,2023-02-28 00:00:00,"UMF, A13B passage, -80 freezer",-80,Annie Marie Cox,NA,NA,NA,N,2023-06-12 00:00:00,2023-06-14 00:00:00,-70,,,NA,NA,NA,EMOBON_UMF_Wa_51
EMO BON UMF Wa 230228 3um (3),EMOBON metagenome water sample from station UMF collected on 2023-02-28 size fraction 3-200um,1874687,marine plankton metagenome,metagenome,marine water body [ENVO:00001999],2023-02-28 00:00:00,UMF_Wa_230228,Annie Marie Cox,,no_tide,,1,3,5,1,3-200,3,200,Y,Niskin,WaSOP1,vacuum pump,2023-02-28 00:00:00,"UMF, A13B passage, -80 freezer",-80,Annie Marie Cox,NA,NA,NA,Y,NA,NA,NA,NA,NA,NA,NA,NA,EMOBON_UMF_Wa_52
EMO BON UMF Wa 230228 3um (4),EMOBON metagenome water sample from station UMF collected on 2023-02-28 size fraction 3-200um,1874687,marine plankton metagenome,metagenome,marine water body [ENVO:00001999],2023-02-28 00:00:00,UMF_Wa_230228,Annie Marie Cox,,no_tide,,1,4,5,1,3-200,3,200,Y,Niskin,WaSOP1,vacuum pump,2023-02-28 00:00:00,"UMF, A13B passage, -80 freezer",-80,Annie Marie Cox,NA,NA,NA,Y,NA,NA,NA,NA,NA,NA,NA,NA,EMOBON_UMF_Wa_53
EMO BON UMF Wa 230228 0.2um (1),EMOBON metagenome water sample from station UMF collected on 2023-02-28 size fraction 0.2-3um,1874687,marine plankton metagenome,metagenome,marine water body [ENVO:00001999],2023-02-28 00:00:00,UMF_Wa_230228,Annie Marie Cox,,no_tide,,1,1,5,1,0.2-3,0.2,3,Y,Niskin,WaSOP1,vacuum pump,2023-02-28 00:00:00,"UMF, A13B passage, -80 freezer",-80,Annie Marie Cox,NA,NA,NA,N,2023-06-12 00:00:00,2023-06-14 00:00:00,-70,,,NA,NA,NA,EMOBON_UMF_Wa_54
EMO BON UMF Wa 230228 0.2um (2),EMOBON metagenome water sample from station UMF collected on 2023-02-28 size fraction 0.2-3um,1874687,marine plankton metagenome,metagenome,marine water body [ENVO:00001999],2023-02-28 00:00:00,UMF_Wa_230228,Annie Marie Cox,,no_tide,,1,2,5,1,0.2-3,0.2,3,Y,Niskin,WaSOP1,vacuum pump,2023-02-28 00:00:00,"UMF, A13B passage, -80 freezer",-80,Annie Marie Cox,NA,NA,NA,N,2023-06-12 00:00:00,2023-06-14 00:00:00,-70,,,NA,NA,NA,EMOBON_UMF_Wa_55
EMO BON UMF Wa 230228 0.2um (3),EMOBON metagenome water sample from station UMF collected on 2023-02-28 size fraction 0.2-3um,1874687,marine plankton metagenome,metagenome,marine water body [ENVO:00001999],2023-02-28 00:00:00,UMF_Wa_230228,Annie Marie Cox,,no_tide,,1,3,5,1,0.2-3,0.2,3,Y,Niskin,WaSOP1,vacuum pump,2023-02-28 00:00:00,"UMF, A13B passage, -80 freezer",-80,Annie Marie Cox,NA,NA,NA,Y,NA,NA,NA,NA,NA,NA,NA,NA,EMOBON_UMF_Wa_56
EMO BON UMF Wa 230228 0.2um (4),EMOBON metagenome water sample from station UMF collected on 2023-02-28 size fraction 0.2-3um,1874687,marine plankton metagenome,metagenome,marine water body [ENVO:00001999],2023-02-28 00:00:00,UMF_Wa_230228,Annie Marie Cox,,no_tide,,1,4,5,1,0.2-3,0.2,3,Y,Niskin,WaSOP1,vacuum pump,2023-02-28 00:00:00,"UMF, A13B passage, -80 freezer",-80,Annie Marie Cox,NA,NA,NA,Y,NA,NA,NA,NA,NA,NA,NA,NA,EMOBON_UMF_Wa_57
EMO BON UMF Wa 230228 3um (Blank),EMOBON metagenome water sample from station UMF collected on 2023-02-28 size fraction 3-200um,256318,metagenome,metagenome,marine water body [ENVO:00001999],2023-02-28 00:00:00,UMF_Wa_230228,Annie Marie Cox,,no_tide,,NA,blank_1,5,0,3-200,3,200,N,NA,WaSOP1,vacuum pump,2023-02-28 00:00:00,"UMF, A13B passage, -80 freezer",-80,Annie Marie Cox,NA,NA,NA,Y,NA,NA,NA,NA,NA,NA,NA,NA,EMOBON_UMF_Wa_58
EMO BON UMF Wa 230228 0.22um (Blank),EMOBON metagenome water sample from station UMF collected on 2023-02-28 size fraction 0.2-3um,256318,metagenome,metagenome,marine water body [ENVO:00001999],2023-02-28 00:00:00,UMF_Wa_230228,Annie Marie Cox,,no_tide,,NA,blank_1,5,0,0.2-3,0.2,3,N,NA,WaSOP1,vacuum pump,2023-02-28 00:00:00,"UMF, A13B passage, -80 freezer",-80,Annie Marie Cox,NA,NA,NA,Y,NA,NA,NA,NA,NA,NA,NA,NA,EMOBON_UMF_Wa_59
EMO BON UMF Wa 230228 10um (1),EMOBON metagenome water sample from station UMF collected on 2023-02-28 size fraction 10-20um,1874687,marine plankton metagenome,metagenome,marine water body [ENVO:00001999],2023-02-28 00:00:00,UMF_Wa_230228,Annie Marie Cox,,no_tide,,,1,0.25,2,10-20,10,2000,N,plankton net ,WaSOP2,"hose, 1-10 m, diluted with water from 1m",2023-02-28 00:00:00,"UMF, A13B passage, -80 freezer",-80,Annie Marie Cox,NA,NA,NA,Y,NA,NA,NA,NA,NA,NA,NA,NA,EMOBON_UMF_Wa_60
EMO BON UMF Wa 230228 10um (2),EMOBON metagenome water sample from station UMF collected on 2023-02-28 size fraction 10-20um,1874687,marine plankton metagenome,metagenome,marine water body [ENVO:00001999],2023-02-28 00:00:00,UMF_Wa_230228,Annie Marie Cox,,no_tide,,,2,0.25,2,10-20,10,2000,N,plankton net ,WaSOP2,"hose, 1-10 m, diluted with water from 1m",2023-02-28 00:00:00,"UMF, A13B passage, -80 freezer",-80,Annie Marie Cox,NA,NA,NA,Y,NA,NA,NA,NA,NA,NA,NA,NA,EMOBON_UMF_Wa_61
EMO BON UMF Wa 230228 10um (3),EMOBON metagenome water sample from station UMF collected on 2023-02-28 size fraction 10-20um,1874687,marine plankton metagenome,metagenome,marine water body [ENVO:00001999],2023-02-28 00:00:00,UMF_Wa_230228,Annie Marie Cox,,no_tide,,,3,0.25,2,10-20,10,2000,N,plankton net ,WaSOP2,"hose, 1-10 m, diluted with water from 1m",2023-02-28 00:00:00,"UMF, A13B passage, -80 freezer",-80,Annie Marie Cox,NA,NA,NA,Y,NA,NA,NA,NA,NA,NA,NA,NA,EMOBON_UMF_Wa_62
EMO BON UMF Wa 230228 10um (4),EMOBON metagenome water sample from station UMF collected on 2023-02-28 size fraction 10-20um,1874687,marine plankton metagenome,metagenome,marine water body [ENVO:00001999],2023-02-28 00:00:00,UMF_Wa_230228,Annie Marie Cox,,no_tide,,,4,0.23,2,10-20,10,2000,N,plankton net ,WaSOP2,"hose, 1-10 m, diluted with water from 1m",2023-02-28 00:00:00,"UMF, A13B passage, -80 freezer",-80,Annie Marie Cox,NA,NA,NA,Y,NA,NA,NA,NA,NA,NA,NA,NA,EMOBON_UMF_Wa_63
EMO BON UMF Wa 230228 10um (blank),EMOBON metagenome water sample from station UMF collected on 2023-02-28 size fraction 10-20um,256318,metagenome,metagenome,marine water body [ENVO:00001999],2023-02-28 00:00:00,UMF_Wa_230228,Annie Marie Cox,,no_tide,,,blank_1,0.25,0,10-20,10,2000,N,plankton net ,WaSOP2,mq,2023-02-28 00:00:00,"UMF, A13B passage, -80 freezer",-80,Annie Marie Cox,NA,NA,NA,Y,NA,NA,NA,NA,NA,NA,NA,NA,EMOBON_UMF_Wa_64
EMO BON UMF Wa 230412 3um (1),EMOBON metagenome water sample from station UMF collected on 2023-04-12 size fraction 3-200um,1874687,marine plankton metagenome,metagenome,marine water body [ENVO:00001999],2023-04-12 00:00:00,UMF_Wa_230412,Annie Marie Cox,,no_tide,,1,1,5,1,3-200,3,200,Y,Ruttner,WaSOP1,vacuum pump,2023-04-12 00:00:00,"UMF, A13B passage, -80 freezer",-80,Annie Marie Cox,NA,NA,NA,N,NA,NA,NA,NA,NA,NA,NA,NA,EMOBON_UMF_Wa_65
EMO BON UMF Wa 230412 3um (2),EMOBON metagenome water sample from station UMF collected on 2023-04-12 size fraction 3-200um,1874687,marine plankton metagenome,metagenome,marine water body [ENVO:00001999],2023-04-12 00:00:00,UMF_Wa_230412,Annie Marie Cox,,no_tide,,1,2,5,1,3-200,3,200,Y,Ruttner,WaSOP1,vacuum pump,2023-04-12 00:00:00,"UMF, A13B passage, -80 freezer",-80,Annie Marie Cox,NA,NA,NA,N,NA,NA,NA,NA,NA,NA,NA,NA,EMOBON_UMF_Wa_66
EMO BON UMF Wa 230412 3um (3),EMOBON metagenome water sample from station UMF collected on 2023-04-12 size fraction 3-200um,1874687,marine plankton metagenome,metagenome,marine water body [ENVO:00001999],2023-04-12 00:00:00,UMF_Wa_230412,Annie Marie Cox,,no_tide,,1,3,5,3,3-200,3,200,Y,Ruttner,WaSOP1,vacuum pump,2023-04-12 00:00:00,"UMF, A13B passage, -80 freezer",-80,Annie Marie Cox,NA,NA,NA,Y,2023-06-12 00:00:00,2023-06-14 00:00:00,-70,,,NA,NA,NA,EMOBON_UMF_Wa_67
EMO BON UMF Wa 230412 3um (4),EMOBON metagenome water sample from station UMF collected on 2023-04-12 size fraction 3-200um,1874687,marine plankton metagenome,metagenome,marine water body [ENVO:00001999],2023-04-12 00:00:00,UMF_Wa_230412,Annie Marie Cox,,no_tide,,1,4,5,3,3-200,3,200,Y,Ruttner,WaSOP1,vacuum pump,2023-04-12 00:00:00,"UMF, A13B passage, -80 freezer",-80,Annie Marie Cox,NA,NA,NA,Y,2023-06-12 00:00:00,2023-06-14 00:00:00,-70,,,NA,NA,NA,EMOBON_UMF_Wa_68
EMO BON UMF Wa 230412 0.2um (1),EMOBON metagenome water sample from station UMF collected on 2023-04-12 size fraction 0.2-3um,1874687,marine plankton metagenome,metagenome,marine water body [ENVO:00001999],2023-04-12 00:00:00,UMF_Wa_230412,Annie Marie Cox,,no_tide,,1,1,3.39,1,0.2-3,0.2,3,Y,Ruttner,WaSOP1,vacuum pump,2023-04-12 00:00:00,"UMF, A13B passage, -80 freezer",-80,Annie Marie Cox,NA,NA,NA,N,2023-06-12 00:00:00,2023-06-14 00:00:00,-70,,,NA,NA,NA,EMOBON_UMF_Wa_69
EMO BON UMF Wa 230412 0.2um (2),EMOBON metagenome water sample from station UMF collected on 2023-04-12 size fraction 0.2-3um,1874687,marine plankton metagenome,metagenome,marine water body [ENVO:00001999],2023-04-12 00:00:00,UMF_Wa_230412,Annie Marie Cox,,no_tide,,1,2,3.39,1,0.2-3,0.2,3,Y,Ruttner,WaSOP1,vacuum pump,2023-04-12 00:00:00,"UMF, A13B passage, -80 freezer",-80,Annie Marie Cox,NA,NA,NA,N,2023-06-12 00:00:00,2023-06-14 00:00:00,-70,,,NA,NA,NA,EMOBON_UMF_Wa_70
EMO BON UMF Wa 230412 0.2um (3),EMOBON metagenome water sample from station UMF collected on 2023-04-12 size fraction 0.2-3um,1874687,marine plankton metagenome,metagenome,marine water body [ENVO:00001999],2023-04-12 00:00:00,UMF_Wa_230412,Annie Marie Cox,,no_tide,,1,3,3.89,3,0.2-3,0.2,3,Y,Ruttner,WaSOP1,vacuum pump,2023-04-12 00:00:00,"UMF, A13B passage, -80 freezer",-80,Annie Marie Cox,NA,NA,NA,Y,NA,NA,NA,NA,NA,NA,NA,NA,EMOBON_UMF_Wa_71
EMO BON UMF Wa 230412 0.2um (4),EMOBON metagenome water sample from station UMF collected on 2023-04-12 size fraction 0.2-3um,1874687,marine plankton metagenome,metagenome,marine water body [ENVO:00001999],2023-04-12 00:00:00,UMF_Wa_230412,Annie Marie Cox,,no_tide,,1,4,3.89,3,0.2-3,0.2,3,Y,Ruttner,WaSOP1,vacuum pump,2023-04-12 00:00:00,"UMF, A13B passage, -80 freezer",-80,Annie Marie Cox,NA,NA,NA,Y,NA,NA,NA,NA,NA,NA,NA,NA,EMOBON_UMF_Wa_72
EMO BON UMF Wa 230412 3um (Blank),EMOBON metagenome water sample from station UMF collected on 2023-04-12 size fraction 3-200um,256318,metagenome,metagenome,marine water body [ENVO:00001999],2023-04-12 00:00:00,UMF_Wa_230412,Annie Marie Cox,,no_tide,,NA,blank_1,5,0,3-200,3,200,N,NA,WaSOP1,vacuum pump,2023-04-12 00:00:00,"UMF, A13B passage, -80 freezer",-80,Annie Marie Cox,NA,NA,NA,N,2023-06-12 00:00:00,2023-06-14 00:00:00,-70,,,NA,NA,NA,EMOBON_UMF_Wa_73
EMO BON UMF Wa 230412 0.22um (Blank),EMOBON metagenome water sample from station UMF collected on 2023-04-12 size fraction 0.2-3um,256318,metagenome,metagenome,marine water body [ENVO:00001999],2023-04-12 00:00:00,UMF_Wa_230412,Annie Marie Cox,,no_tide,,NA,blank_1,5,0,0.2-3,0.2,3,N,NA,WaSOP1,vacuum pump,2023-04-12 00:00:00,"UMF, A13B passage, -80 freezer",-80,Annie Marie Cox,NA,NA,NA,N,2023-06-12 00:00:00,2023-06-14 00:00:00,-70,,,NA,NA,NA,EMOBON_UMF_Wa_74
EMO BON UMF Wa 230412 10um (1),EMOBON metagenome water sample from station UMF collected on 2023-04-12 size fraction 10-20um,1874687,marine plankton metagenome,metagenome,marine water body [ENVO:00001999],2023-04-12 00:00:00,UMF_Wa_230412,Annie Marie Cox,,no_tide,,,1,0.25,3,10-20,10,2000,N,plankton net ,WaSOP2,"net haul, 1-10 m, diluted with water from 1m",2023-04-12 00:00:00,"UMF, A13B passage, -80 freezer",-80,Annie Marie Cox,NA,NA,NA,Y,NA,NA,NA,NA,NA,NA,NA,NA,EMOBON_UMF_Wa_75
EMO BON UMF Wa 230412 10um (2),EMOBON metagenome water sample from station UMF collected on 2023-04-12 size fraction 10-20um,1874687,marine plankton metagenome,metagenome,marine water body [ENVO:00001999],2023-04-12 00:00:00,UMF_Wa_230412,Annie Marie Cox,,no_tide,,,2,0.25,3,10-20,10,2000,N,plankton net ,WaSOP2,"net haul, 1-10 m, diluted with water from 1m",2023-04-12 00:00:00,"UMF, A13B passage, -80 freezer",-80,Annie Marie Cox,NA,NA,NA,Y,NA,NA,NA,NA,NA,NA,NA,NA,EMOBON_UMF_Wa_76
EMO BON UMF Wa 230412 10um (3),EMOBON metagenome water sample from station UMF collected on 2023-04-12 size fraction 10-20um,1874687,marine plankton metagenome,metagenome,marine water body [ENVO:00001999],2023-04-12 00:00:00,UMF_Wa_230412,Annie Marie Cox,,no_tide,,,3,0.25,3,10-20,10,2000,N,plankton net ,WaSOP2,"net haul, 1-10 m, diluted with water from 1m",2023-04-12 00:00:00,"UMF, A13B passage, -80 freezer",-80,Annie Marie Cox,NA,NA,NA,Y,NA,NA,NA,NA,NA,NA,NA,NA,EMOBON_UMF_Wa_77
EMO BON UMF Wa 230412 10um (4),EMOBON metagenome water sample from station UMF collected on 2023-04-12 size fraction 10-20um,1874687,marine plankton metagenome,metagenome,marine water body [ENVO:00001999],2023-04-12 00:00:00,UMF_Wa_230412,Annie Marie Cox,,no_tide,,,4,0.23,3,10-20,10,2000,N,plankton net ,WaSOP2,"net haul (10 µm), 1-10 m, diluted with water from 1m",2023-04-12 00:00:00,"UMF, A13B passage, -80 freezer",-80,Annie Marie Cox,NA,NA,NA,Y,NA,NA,NA,NA,NA,NA,NA,NA,EMOBON_UMF_Wa_78
EMO BON UMF Wa 230412 10um (blank),EMOBON metagenome water sample from station UMF collected on 2023-04-12 size fraction 10-20um,256318,metagenome,metagenome,marine water body [ENVO:00001999],2023-04-12 00:00:00,UMF_Wa_230412,Annie Marie Cox,,no_tide,,,blank_1,0.25,0,10-20,10,2000,N,plankton net ,WaSOP2,mq,2023-04-12 00:00:00,"UMF, A13B passage, -80 freezer",-80,Annie Marie Cox,NA,NA,NA,Y,NA,NA,NA,NA,NA,NA,NA,NA,EMOBON_UMF_Wa_79
EMO BON UMF Wa 230619 3um (1),EMOBON metagenome water sample from station UMF collected on 2023-06-19 size fraction 3-200um,1874687,marine plankton metagenome,metagenome,marine water body [ENVO:00001999],2023-06-19 00:00:00,UMF_Wa_230619,Annie Marie Cox,,no_tide,,1,1,5,3,3-200,3,200,Y,Niskin,WaSOP1,vacuum pump,2023-06-19 00:00:00,"UMF, A13B passage, -80 freezer",-80,Annie Marie Cox,NA,NA,NA,N,2023-09-11 00:00:00,2023-09-13 00:00:00,-70,NA,NA,NA,NA,NA,EMOBON_UMF_Wa_80
EMO BON UMF Wa 230619 3um (2),EMOBON metagenome water sample from station UMF collected on 2023-06-19 size fraction 3-200um,1874687,marine plankton metagenome,metagenome,marine water body [ENVO:00001999],2023-06-19 00:00:00,UMF_Wa_230619,Annie Marie Cox,,no_tide,,1,2,5,3,3-200,3,200,Y,Niskin,WaSOP1,vacuum pump,2023-06-19 00:00:00,"UMF, A13B passage, -80 freezer",-80,Annie Marie Cox,NA,NA,NA,N,2023-09-11 00:00:00,2023-09-13 00:00:00,-70,NA,NA,NA,NA,NA,EMOBON_UMF_Wa_81
EMO BON UMF Wa 230619 3um (3),EMOBON metagenome water sample from station UMF collected on 2023-06-19 size fraction 3-200um,1874687,marine plankton metagenome,metagenome,marine water body [ENVO:00001999],2023-06-19 00:00:00,UMF_Wa_230619,Annie Marie Cox,,no_tide,,1,3,5,4,3-200,3,200,Y,Niskin,WaSOP1,vacuum pump,2023-06-19 00:00:00,"UMF, A13B passage, -80 freezer",-80,Annie Marie Cox,NA,NA,NA,Y,NA,NA,NA,NA,NA,NA,NA,NA,EMOBON_UMF_Wa_82
EMO BON UMF Wa 230619 3um (4),EMOBON metagenome water sample from station UMF collected on 2023-06-19 size fraction 3-200um,1874687,marine plankton metagenome,metagenome,marine water body [ENVO:00001999],2023-06-19 00:00:00,UMF_Wa_230619,Annie Marie Cox,,no_tide,,1,4,5,4,3-200,3,200,Y,Niskin,WaSOP1,vacuum pump,2023-06-19 00:00:00,"UMF, A13B passage, -80 freezer",-80,Annie Marie Cox,NA,NA,NA,Y,NA,NA,NA,NA,NA,NA,NA,NA,EMOBON_UMF_Wa_83
EMO BON UMF Wa 230619 0.2um (1),EMOBON metagenome water sample from station UMF collected on 2023-06-19 size fraction 0.2-3um,1874687,marine plankton metagenome,metagenome,marine water body [ENVO:00001999],2023-06-19 00:00:00,UMF_Wa_230619,Annie Marie Cox,,no_tide,,1,1,3.17,3,0.2-3,0.2,3,Y,Niskin,WaSOP1,vacuum pump,2023-06-19 00:00:00,"UMF, A13B passage, -80 freezer",-80,Annie Marie Cox,NA,NA,NA,N,2023-09-11 00:00:00,2023-09-13 00:00:00,-70,NA,NA,NA,NA,NA,EMOBON_UMF_Wa_84
EMO BON UMF Wa 230619 0.2um (2),EMOBON metagenome water sample from station UMF collected on 2023-06-19 size fraction 0.2-3um,1874687,marine plankton metagenome,metagenome,marine water body [ENVO:00001999],2023-06-19 00:00:00,UMF_Wa_230619,Annie Marie Cox,,no_tide,,1,2,3.17,3,0.2-3,0.2,3,Y,Niskin,WaSOP1,vacuum pump,2023-06-19 00:00:00,"UMF, A13B passage, -80 freezer",-80,Annie Marie Cox,NA,NA,NA,N,2023-09-11 00:00:00,2023-09-13 00:00:00,-70,NA,NA,NA,NA,NA,EMOBON_UMF_Wa_85
EMO BON UMF Wa 230619 0.2um (3),EMOBON metagenome water sample from station UMF collected on 2023-06-19 size fraction 0.2-3um,1874687,marine plankton metagenome,metagenome,marine water body [ENVO:00001999],2023-06-19 00:00:00,UMF_Wa_230619,Annie Marie Cox,,no_tide,,1,3,2.9,4,0.2-3,0.2,3,Y,Niskin,WaSOP1,vacuum pump,2023-06-19 00:00:00,"UMF, A13B passage, -80 freezer",-80,Annie Marie Cox,NA,NA,NA,Y,NA,NA,NA,NA,NA,NA,NA,NA,EMOBON_UMF_Wa_86
EMO BON UMF Wa 230619 0.2um (4),EMOBON metagenome water sample from station UMF collected on 2023-06-19 size fraction 0.2-3um,1874687,marine plankton metagenome,metagenome,marine water body [ENVO:00001999],2023-06-19 00:00:00,UMF_Wa_230619,Annie Marie Cox,,no_tide,,1,4,2.9,4,0.2-3,0.2,3,Y,Niskin,WaSOP1,vacuum pump,2023-06-19 00:00:00,"UMF, A13B passage, -80 freezer",-80,Annie Marie Cox,NA,NA,NA,Y,NA,NA,NA,NA,NA,NA,NA,NA,EMOBON_UMF_Wa_87
EMO BON UMF Wa 230619 3um (Blank),EMOBON metagenome water sample from station UMF collected on 2023-06-19 size fraction 3-200um,1874687,marine plankton metagenome,metagenome,marine water body [ENVO:00001999],2023-06-19 00:00:00,UMF_Wa_230619,Annie Marie Cox,,no_tide,,NA,blank_1,5,0,3-200,3,200,N,NA,WaSOP1,vacuum pump,2023-06-19 00:00:00,"UMF, A13B passage, -80 freezer",-80,Annie Marie Cox,NA,NA,NA,Y,NA,NA,NA,NA,NA,NA,NA,NA,EMOBON_UMF_Wa_88
EMO BON UMF Wa 230619 0.22um (Blank),EMOBON metagenome water sample from station UMF collected on 2023-06-19 size fraction 0.2-3um,1874687,marine plankton metagenome,metagenome,marine water body [ENVO:00001999],2023-06-19 00:00:00,UMF_Wa_230619,Annie Marie Cox,,no_tide,,NA,blank_1,5,0,0.2-3,0.2,3,N,NA,WaSOP1,vacuum pump,2023-06-19 00:00:00,"UMF, A13B passage, -80 freezer",-80,Annie Marie Cox,NA,NA,NA,Y,NA,NA,NA,NA,NA,NA,NA,NA,EMOBON_UMF_Wa_89
EMO BON UMF Wa 230619 10um (1),EMOBON metagenome water sample from station UMF collected on 2023-06-19 size fraction 10-20um,1874687,marine plankton metagenome,metagenome,marine water body [ENVO:00001999],2023-06-19 00:00:00,UMF_Wa_230619,Annie Marie Cox,,no_tide,,,1,0.25,3,10-20,10,2000,N,plankton net ,WaSOP2,"hose, 1-10 m, diluted with water from 1m",2023-06-19 00:00:00,"UMF, A13B passage, -80 freezer",-80,Annie Marie Cox,NA,NA,NA,Y,NA,NA,NA,NA,NA,NA,NA,NA,EMOBON_UMF_Wa_90
EMO BON UMF Wa 230619 10um (2),EMOBON metagenome water sample from station UMF collected on 2023-06-19 size fraction 10-20um,1874687,marine plankton metagenome,metagenome,marine water body [ENVO:00001999],2023-06-19 00:00:00,UMF_Wa_230619,Annie Marie Cox,,no_tide,,,2,0.25,3,10-20,10,2000,N,plankton net ,WaSOP2,"hose, 1-10 m, diluted with water from 1m",2023-06-19 00:00:00,"UMF, A13B passage, -80 freezer",-80,Annie Marie Cox,NA,NA,NA,Y,NA,NA,NA,NA,NA,NA,NA,NA,EMOBON_UMF_Wa_91
EMO BON UMF Wa 230619 10um (3),EMOBON metagenome water sample from station UMF collected on 2023-06-19 size fraction 10-20um,1874687,marine plankton metagenome,metagenome,marine water body [ENVO:00001999],2023-06-19 00:00:00,UMF_Wa_230619,Annie Marie Cox,,no_tide,,,3,0.25,3,10-20,10,2000,N,plankton net ,WaSOP2,"hose, 1-10 m, diluted with water from 1m",2023-06-19 00:00:00,"UMF, A13B passage, -80 freezer",-80,Annie Marie Cox,NA,NA,NA,Y,NA,NA,NA,NA,NA,NA,NA,NA,EMOBON_UMF_Wa_92
EMO BON UMF Wa 230619 10um (4),EMOBON metagenome water sample from station UMF collected on 2023-06-19 size fraction 10-20um,1874687,marine plankton metagenome,metagenome,marine water body [ENVO:00001999],2023-06-19 00:00:00,UMF_Wa_230619,Annie Marie Cox,,no_tide,,,4,0.23,3,10-20,10,2000,N,plankton net ,WaSOP2,"hose, 1-10 m, diluted with water from 1m",2023-06-19 00:00:00,"UMF, A13B passage, -80 freezer",-80,Annie Marie Cox,NA,NA,NA,Y,NA,NA,NA,NA,NA,NA,NA,NA,EMOBON_UMF_Wa_93
EMO BON UMF Wa 230619 10um (blank),EMOBON metagenome water sample from station UMF collected on 2023-06-19 size fraction 10-20um,1874687,marine plankton metagenome,metagenome,marine water body [ENVO:00001999],2023-06-19 00:00:00,UMF_Wa_230619,Annie Marie Cox,,no_tide,,,blank_1,0.25,0,10-20,10,2000,N,plankton net ,WaSOP2,mq,2023-06-19 00:00:00,"UMF, A13B passage, -80 freezer",-80,Annie Marie Cox,NA,NA,NA,Y,NA,NA,NA,NA,NA,NA,NA,NA,EMOBON_UMF_Wa_94
EMO BON UMF Wa 230801 3um (1),EMOBON metagenome water sample from station UMF collected on 2023-08-01 size fraction 3-200um,1874687,marine plankton metagenome,metagenome,marine water body [ENVO:00001999],2023-08-01 00:00:00,UMF_Wa_230801,Annie Marie Cox,,no_tide,,1,1,5,1,3-200,3,200,Y,Ruttner,WaSOP1,vacuum pump,2023-08-01 00:00:00,"UMF, A13B passage, -80 freezer",-80,Annie Marie Cox,NA,NA,NA,N,2023-09-11 00:00:00,2023-09-13 00:00:00,-70,NA,NA,NA,NA,NA,EMOBON_UMF_Wa_95
EMO BON UMF Wa 230801 3um (2),EMOBON metagenome water sample from station UMF collected on 2023-08-01 size fraction 3-200um,1874687,marine plankton metagenome,metagenome,marine water body [ENVO:00001999],2023-08-01 00:00:00,UMF_Wa_230801,Annie Marie Cox,,no_tide,,1,2,5,1,3-200,3,200,Y,Ruttner,WaSOP1,vacuum pump,2023-08-01 00:00:00,"UMF, A13B passage, -80 freezer",-80,Annie Marie Cox,NA,NA,NA,N,2023-09-11 00:00:00,2023-09-13 00:00:00,-70,NA,NA,NA,NA,NA,EMOBON_UMF_Wa_96
EMO BON UMF Wa 230801 3um (3),EMOBON metagenome water sample from station UMF collected on 2023-08-01 size fraction 3-200um,1874687,marine plankton metagenome,metagenome,marine water body [ENVO:00001999],2023-08-01 00:00:00,UMF_Wa_230801,Annie Marie Cox,,no_tide,,1,3,5,3,3-200,3,200,Y,Ruttner,WaSOP1,vacuum pump,2023-08-01 00:00:00,"UMF, A13B passage, -80 freezer",-80,Annie Marie Cox,NA,NA,NA,Y,NA,NA,NA,NA,NA,NA,NA,NA,EMOBON_UMF_Wa_97
EMO BON UMF Wa 230801 3um (4),EMOBON metagenome water sample from station UMF collected on 2023-08-01 size fraction 3-200um,1874687,marine plankton metagenome,metagenome,marine water body [ENVO:00001999],2023-08-01 00:00:00,UMF_Wa_230801,Annie Marie Cox,,no_tide,,1,4,5,3,3-200,3,200,Y,Ruttner,WaSOP1,vacuum pump,2023-08-01 00:00:00,"UMF, A13B passage, -80 freezer",-80,Annie Marie Cox,NA,NA,NA,Y,NA,NA,NA,NA,NA,NA,NA,NA,EMOBON_UMF_Wa_98
EMO BON UMF Wa 230801 0.2um (1),EMOBON metagenome water sample from station UMF collected on 2023-08-01 size fraction 0.2-3um,1874687,marine plankton metagenome,metagenome,marine water body [ENVO:00001999],2023-08-01 00:00:00,UMF_Wa_230801,Annie Marie Cox,,no_tide,,1,1,3.39,1,0.2-3,0.2,3,Y,Ruttner,WaSOP1,vacuum pump,2023-08-01 00:00:00,"UMF, A13B passage, -80 freezer",-80,Annie Marie Cox,NA,NA,NA,N,2023-09-11 00:00:00,2023-09-13 00:00:00,-70,NA,NA,NA,NA,NA,EMOBON_UMF_Wa_99
EMO BON UMF Wa 230801 0.2um (2),EMOBON metagenome water sample from station UMF collected on 2023-08-01 size fraction 0.2-3um,1874687,marine plankton metagenome,metagenome,marine water body [ENVO:00001999],2023-08-01 00:00:00,UMF_Wa_230801,Annie Marie Cox,,no_tide,,1,2,3.39,1,0.2-3,0.2,3,Y,Ruttner,WaSOP1,vacuum pump,2023-08-01 00:00:00,"UMF, A13B passage, -80 freezer",-80,Annie Marie Cox,NA,NA,NA,N,2023-09-11 00:00:00,2023-09-13 00:00:00,-70,NA,NA,NA,NA,NA,EMOBON_UMF_Wa_100
EMO BON UMF Wa 230801 0.2um (3),EMOBON metagenome water sample from station UMF collected on 2023-08-01 size fraction 0.2-3um,1874687,marine plankton metagenome,metagenome,marine water body [ENVO:00001999],2023-08-01 00:00:00,UMF_Wa_230801,Annie Marie Cox,,no_tide,,1,3,3.89,3,0.2-3,0.2,3,Y,Ruttner,WaSOP1,vacuum pump,2023-08-01 00:00:00,"UMF, A13B passage, -80 freezer",-80,Annie Marie Cox,NA,NA,NA,Y,NA,NA,NA,NA,NA,NA,NA,NA,EMOBON_UMF_Wa_101
EMO BON UMF Wa 230801 0.2um (4),EMOBON metagenome water sample from station UMF collected on 2023-08-01 size fraction 0.2-3um,1874687,marine plankton metagenome,metagenome,marine water body [ENVO:00001999],2023-08-01 00:00:00,UMF_Wa_230801,Annie Marie Cox,,no_tide,,1,4,3.89,3,0.2-3,0.2,3,Y,Ruttner,WaSOP1,vacuum pump,2023-08-01 00:00:00,"UMF, A13B passage, -80 freezer",-80,Annie Marie Cox,NA,NA,NA,Y,NA,NA,NA,NA,NA,NA,NA,NA,EMOBON_UMF_Wa_102
EMO BON UMF Wa 230801 3um (Blank),EMOBON metagenome water sample from station UMF collected on 2023-08-01 size fraction 3-200um,1874687,marine plankton metagenome,metagenome,marine water body [ENVO:00001999],2023-08-01 00:00:00,UMF_Wa_230801,Annie Marie Cox,,no_tide,,NA,blank_1,5,0,3-200,3,200,N,NA,WaSOP1,vacuum pump,2023-08-01 00:00:00,"UMF, A13B passage, -80 freezer",-80,Annie Marie Cox,NA,NA,NA,N,NA,NA,NA,NA,NA,NA,NA,NA,EMOBON_UMF_Wa_103
EMO BON UMF Wa 230801 0.22um (Blank),EMOBON metagenome water sample from station UMF collected on 2023-08-01 size fraction 0.2-3um,1874687,marine plankton metagenome,metagenome,marine water body [ENVO:00001999],2023-08-01 00:00:00,UMF_Wa_230801,Annie Marie Cox,,no_tide,,NA,blank_1,5,0,0.2-3,0.2,3,N,NA,WaSOP1,vacuum pump,2023-08-01 00:00:00,"UMF, A13B passage, -80 freezer",-80,Annie Marie Cox,NA,NA,NA,N,NA,NA,NA,NA,NA,NA,NA,NA,EMOBON_UMF_Wa_104
EMO BON UMF Wa 230801 10um (1),EMOBON metagenome water sample from station UMF collected on 2023-08-01 size fraction 10-20um,1874687,marine plankton metagenome,metagenome,marine water body [ENVO:00001999],2023-08-01 00:00:00,UMF_Wa_230801,Annie Marie Cox,,no_tide,,,1,0.25,1,10-20,10,2000,N,plankton net ,WaSOP2,"hose, 1-10 m, diluted with water from 1m",2023-08-01 00:00:00,"UMF, A13B passage, -80 freezer",-80,Annie Marie Cox,NA,NA,NA,Y,NA,NA,NA,NA,NA,NA,NA,NA,EMOBON_UMF_Wa_105
EMO BON UMF Wa 230801 10um (2),EMOBON metagenome water sample from station UMF collected on 2023-08-01 size fraction 10-20um,1874687,marine plankton metagenome,metagenome,marine water body [ENVO:00001999],2023-08-01 00:00:00,UMF_Wa_230801,Annie Marie Cox,,no_tide,,,2,0.25,1,10-20,10,2000,N,plankton net ,WaSOP2,"hose, 1-10 m, diluted with water from 1m",2023-08-01 00:00:00,"UMF, A13B passage, -80 freezer",-80,Annie Marie Cox,NA,NA,NA,Y,NA,NA,NA,NA,NA,NA,NA,NA,EMOBON_UMF_Wa_106
EMO BON UMF Wa 230801 10um (3),EMOBON metagenome water sample from station UMF collected on 2023-08-01 size fraction 10-20um,1874687,marine plankton metagenome,metagenome,marine water body [ENVO:00001999],2023-08-01 00:00:00,UMF_Wa_230801,Annie Marie Cox,,no_tide,,,3,0.25,1,10-20,10,2000,N,plankton net ,WaSOP2,"hose, 1-10 m, diluted with water from 1m",2023-08-01 00:00:00,"UMF, A13B passage, -80 freezer",-80,Annie Marie Cox,NA,NA,NA,Y,NA,NA,NA,NA,NA,NA,NA,NA,EMOBON_UMF_Wa_107
EMO BON UMF Wa 230801 10um (4),EMOBON metagenome water sample from station UMF collected on 2023-08-01 size fraction 10-20um,1874687,marine plankton metagenome,metagenome,marine water body [ENVO:00001999],2023-08-01 00:00:00,UMF_Wa_230801,Annie Marie Cox,,no_tide,,,4,0.23,1,10-20,10,2000,N,plankton net ,WaSOP2,"hose, 1-10 m, diluted with water from 1m",2023-08-01 00:00:00,"UMF, A13B passage, -80 freezer",-80,Annie Marie Cox,NA,NA,NA,Y,NA,NA,NA,NA,NA,NA,NA,NA,EMOBON_UMF_Wa_108
EMO BON UMF Wa 230801 10um (blank),EMOBON metagenome water sample from station UMF collected on 2023-08-01 size fraction 10-20um,1874687,marine plankton metagenome,metagenome,marine water body [ENVO:00001999],2023-08-01 00:00:00,UMF_Wa_230801,Annie Marie Cox,,no_tide,,,blank_1,0.25,0,10-20,10,2000,N,plankton net ,WaSOP2,mq,2023-08-01 00:00:00,"UMF, A13B passage, -80 freezer",-80,Annie Marie Cox,NA,NA,NA,Y,NA,NA,NA,NA,NA,NA,NA,NA,EMOBON_UMF_Wa_109
EMO BON UMF Wa 231010 3um (1),EMOBON metagenome water sample from station UMF collected on 2023-10-10 size fraction 3-200um,1874687,marine plankton metagenome,metagenome,marine water body [ENVO:00001999],2023-10-10 00:00:00,UMF_Wa_231010,Annie Marie Cox,,no_tide,,1,1,5,3,3-200,3,200,Y,Ruttner,WaSOP1,vacuum pump,2023-10-10 00:00:00,"UMF, A13B passage, -80 freezer",-80,Annie Marie Cox,NA,NA,NA,N,NA,NA,NA,NA,NA,NA,NA,NA,EMOBON_UMF_Wa_110
EMO BON UMF Wa 231010 3um (2),EMOBON metagenome water sample from station UMF collected on 2023-10-10 size fraction 3-200um,1874687,marine plankton metagenome,metagenome,marine water body [ENVO:00001999],2023-10-10 00:00:00,UMF_Wa_231010,Annie Marie Cox,,no_tide,,1,2,5,3,3-200,3,200,Y,Ruttner,WaSOP1,vacuum pump,2023-10-10 00:00:00,"UMF, A13B passage, -80 freezer",-80,Annie Marie Cox,NA,NA,NA,N,NA,NA,NA,NA,NA,NA,NA,NA,EMOBON_UMF_Wa_111
EMO BON UMF Wa 231010 3um (3),EMOBON metagenome water sample from station UMF collected on 2023-10-10 size fraction 3-200um,1874687,marine plankton metagenome,metagenome,marine water body [ENVO:00001999],2023-10-10 00:00:00,UMF_Wa_231010,Annie Marie Cox,,no_tide,,1,3,5,5,3-200,3,200,Y,Ruttner,WaSOP1,vacuum pump,2023-10-10 00:00:00,"UMF, A13B passage, -80 freezer",-80,Annie Marie Cox,NA,NA,NA,Y,NA,NA,NA,NA,NA,NA,NA,NA,EMOBON_UMF_Wa_112
EMO BON UMF Wa 231010 3um (4),EMOBON metagenome water sample from station UMF collected on 2023-10-10 size fraction 3-200um,1874687,marine plankton metagenome,metagenome,marine water body [ENVO:00001999],2023-10-10 00:00:00,UMF_Wa_231010,Annie Marie Cox,,no_tide,,1,4,5,5,3-200,3,200,Y,Ruttner,WaSOP1,vacuum pump,2023-10-10 00:00:00,"UMF, A13B passage, -80 freezer",-80,Annie Marie Cox,NA,NA,NA,Y,NA,NA,NA,NA,NA,NA,NA,NA,EMOBON_UMF_Wa_113
EMO BON UMF Wa 231010 0.2um (1),EMOBON metagenome water sample from station UMF collected on 2023-10-10 size fraction 0.2-3um,1874687,marine plankton metagenome,metagenome,marine water body [ENVO:00001999],2023-10-10 00:00:00,UMF_Wa_231010,Annie Marie Cox,,no_tide,,1,1,3.315,3,0.2-3,0.2,3,Y,Ruttner,WaSOP1,vacuum pump,2023-10-10 00:00:00,"UMF, A13B passage, -80 freezer",-80,Annie Marie Cox,NA,NA,NA,N,NA,NA,NA,NA,NA,NA,NA,NA,EMOBON_UMF_Wa_114
EMO BON UMF Wa 231010 0.2um (2),EMOBON metagenome water sample from station UMF collected on 2023-10-10 size fraction 0.2-3um,1874687,marine plankton metagenome,metagenome,marine water body [ENVO:00001999],2023-10-10 00:00:00,UMF_Wa_231010,Annie Marie Cox,,no_tide,,1,2,3.315,3,0.2-3,0.2,3,Y,Ruttner,WaSOP1,vacuum pump,2023-10-10 00:00:00,"UMF, A13B passage, -80 freezer",-80,Annie Marie Cox,NA,NA,NA,N,NA,NA,NA,NA,NA,NA,NA,NA,EMOBON_UMF_Wa_115
EMO BON UMF Wa 231010 0.2um (3),EMOBON metagenome water sample from station UMF collected on 2023-10-10 size fraction 0.2-3um,1874687,marine plankton metagenome,metagenome,marine water body [ENVO:00001999],2023-10-10 00:00:00,UMF_Wa_231010,Annie Marie Cox,,no_tide,,1,3,3.395,5,0.2-3,0.2,3,Y,Ruttner,WaSOP1,vacuum pump,2023-10-10 00:00:00,"UMF, A13B passage, -80 freezer",-80,Annie Marie Cox,NA,NA,NA,Y,NA,NA,NA,NA,NA,NA,NA,NA,EMOBON_UMF_Wa_116
EMO BON UMF Wa 231010 0.2um (4),EMOBON metagenome water sample from station UMF collected on 2023-10-10 size fraction 0.2-3um,1874687,marine plankton metagenome,metagenome,marine water body [ENVO:00001999],2023-10-10 00:00:00,UMF_Wa_231010,Annie Marie Cox,,no_tide,,1,4,3.395,5,0.2-3,0.2,3,Y,Ruttner,WaSOP1,vacuum pump,2023-10-10 00:00:00,"UMF, A13B passage, -80 freezer",-80,Annie Marie Cox,NA,NA,NA,Y,NA,NA,NA,NA,NA,NA,NA,NA,EMOBON_UMF_Wa_117
EMO BON UMF Wa 231010 3um (Blank),EMOBON metagenome water sample from station UMF collected on 2023-10-10 size fraction 3-200um,1874687,marine plankton metagenome,metagenome,marine water body [ENVO:00001999],2023-10-10 00:00:00,UMF_Wa_231010,Annie Marie Cox,,no_tide,,NA,blank_1,5,2,3-200,3,200,N,NA,WaSOP1,vacuum pump,2023-10-10 00:00:00,"UMF, A13B passage, -80 freezer",-80,Annie Marie Cox,NA,NA,NA,N,NA,NA,NA,NA,NA,NA,NA,NA,EMOBON_UMF_Wa_118
EMO BON UMF Wa 231010 0.22um (Blank),EMOBON metagenome water sample from station UMF collected on 2023-10-10 size fraction 0.2-3um,1874687,marine plankton metagenome,metagenome,marine water body [ENVO:00001999],2023-10-10 00:00:00,UMF_Wa_231010,Annie Marie Cox,,no_tide,,NA,blank_1,5,2,0.2-3,0.2,3,N,NA,WaSOP1,vacuum pump,2023-10-10 00:00:00,"UMF, A13B passage, -80 freezer",-80,Annie Marie Cox,NA,NA,NA,N,NA,NA,NA,NA,NA,NA,NA,NA,EMOBON_UMF_Wa_119
EMO BON UMF Wa 231010 10um (1),EMOBON metagenome water sample from station UMF collected on 2023-10-10 size fraction 10-20um,1874687,marine plankton metagenome,metagenome,marine water body [ENVO:00001999],2023-10-10 00:00:00,UMF_Wa_231010,Annie Marie Cox,,no_tide,,,1,0.25,3,10-20,10,2000,N,plankton net ,WaSOP2,"hose, 1-10 m, diluted with water from 1m",2023-10-10 00:00:00,"UMF, A13B passage, -80 freezer",-80,Annie Marie Cox,NA,NA,NA,Y,NA,NA,NA,NA,NA,NA,NA,NA,EMOBON_UMF_Wa_120
EMO BON UMF Wa 231010 10um (2),EMOBON metagenome water sample from station UMF collected on 2023-10-10 size fraction 10-20um,1874687,marine plankton metagenome,metagenome,marine water body [ENVO:00001999],2023-10-10 00:00:00,UMF_Wa_231010,Annie Marie Cox,,no_tide,,,2,0.25,3,10-20,10,2000,N,plankton net ,WaSOP2,"hose, 1-10 m, diluted with water from 1m",2023-10-10 00:00:00,"UMF, A13B passage, -80 freezer",-80,Annie Marie Cox,NA,NA,NA,Y,NA,NA,NA,NA,NA,NA,NA,NA,EMOBON_UMF_Wa_121
EMO BON UMF Wa 231010 10um (3),EMOBON metagenome water sample from station UMF collected on 2023-10-10 size fraction 10-20um,1874687,marine plankton metagenome,metagenome,marine water body [ENVO:00001999],2023-10-10 00:00:00,UMF_Wa_231010,Annie Marie Cox,,no_tide,,,3,0.25,3,10-20,10,2000,N,plankton net ,WaSOP2,"hose, 1-10 m, diluted with water from 1m",2023-10-10 00:00:00,"UMF, A13B passage, -80 freezer",-80,Annie Marie Cox,NA,NA,NA,Y,NA,NA,NA,NA,NA,NA,NA,NA,EMOBON_UMF_Wa_122
EMO BON UMF Wa 231010 10um (4),EMOBON metagenome water sample from station UMF collected on 2023-10-10 size fraction 10-20um,1874687,marine plankton metagenome,metagenome,marine water body [ENVO:00001999],2023-10-10 00:00:00,UMF_Wa_231010,Annie Marie Cox,,no_tide,,,4,0.24,3,10-20,10,2000,N,plankton net ,WaSOP2,"hose, 1-10 m, diluted with water from 1m",2023-10-10 00:00:00,"UMF, A13B passage, -80 freezer",-80,Annie Marie Cox,NA,NA,NA,Y,NA,NA,NA,NA,NA,NA,NA,NA,EMOBON_UMF_Wa_123
EMO BON UMF Wa 231010 10um (blank),EMOBON metagenome water sample from station UMF collected on 2023-10-10 size fraction 10-20um,1874687,marine plankton metagenome,metagenome,marine water body [ENVO:00001999],2023-10-10 00:00:00,UMF_Wa_231010,Annie Marie Cox,,no_tide,,,blank_1,0.25,3,10-20,10,2000,N,plankton net ,WaSOP2,mq,2023-10-10 00:00:00,"UMF, A13B passage, -80 freezer",-80,Annie Marie Cox,NA,NA,NA,Y,NA,NA,NA,NA,NA,NA,NA,NA,EMOBON_UMF_Wa_124
EMO BON UMF Wa 231211 3um (1),EMOBON metagenome water sample from station UMF collected on 2023-12-11 size fraction 3-200um,1874687,marine plankton metagenome,metagenome,marine water body [ENVO:00001999],2023-12-11 00:00:00,UMF_Wa_231211,Nina Dagberg,,no_tide,,1,1,5.5,3,3-200,3,200,Y,Ruttner,WaSOP1,vacuum pump,2023-12-11 00:00:00,"UMF, A13B passage, -80 freezer",-80,Nina Dagberg,NA,NA,NA,N,NA,NA,NA,NA,NA,NA,NA,NA,EMOBON_UMF_Wa_125
EMO BON UMF Wa 231211 3um (2),EMOBON metagenome water sample from station UMF collected on 2023-12-11 size fraction 3-200um,1874687,marine plankton metagenome,metagenome,marine water body [ENVO:00001999],2023-12-11 00:00:00,UMF_Wa_231211,Nina Dagberg,,no_tide,,1,2,5.5,3,3-200,3,200,Y,Ruttner,WaSOP1,vacuum pump,2023-12-11 00:00:00,"UMF, A13B passage, -80 freezer",-80,Nina Dagberg,NA,NA,NA,N,NA,NA,NA,NA,NA,NA,NA,NA,EMOBON_UMF_Wa_126
EMO BON UMF Wa 231211 3um (3),EMOBON metagenome water sample from station UMF collected on 2023-12-11 size fraction 3-200um,1874687,marine plankton metagenome,metagenome,marine water body [ENVO:00001999],2023-12-11 00:00:00,UMF_Wa_231211,Nina Dagberg,,no_tide,,1,3,5.5,4,3-200,3,200,Y,Ruttner,WaSOP1,vacuum pump,2023-12-11 00:00:00,"UMF, A13B passage, -80 freezer",-80,Nina Dagberg,NA,NA,NA,Y,NA,NA,NA,NA,NA,NA,NA,NA,EMOBON_UMF_Wa_127
EMO BON UMF Wa 231211 3um (4),EMOBON metagenome water sample from station UMF collected on 2023-12-11 size fraction 3-200um,1874687,marine plankton metagenome,metagenome,marine water body [ENVO:00001999],2023-12-11 00:00:00,UMF_Wa_231211,Nina Dagberg,,no_tide,,1,4,5.5,4,3-200,3,200,Y,Ruttner,WaSOP1,vacuum pump,2023-12-11 00:00:00,"UMF, A13B passage, -80 freezer",-80,Nina Dagberg,NA,NA,NA,Y,NA,NA,NA,NA,NA,NA,NA,NA,EMOBON_UMF_Wa_128
EMO BON UMF Wa 231211 0.2um (1),EMOBON metagenome water sample from station UMF collected on 2023-12-11 size fraction 0.2-3um,1874687,marine plankton metagenome,metagenome,marine water body [ENVO:00001999],2023-12-11 00:00:00,UMF_Wa_231211,Nina Dagberg,,no_tide,,1,1,5.25,3,0.2-3,0.2,3,Y,Ruttner,WaSOP1,vacuum pump,2023-12-11 00:00:00,"UMF, A13B passage, -80 freezer",-80,Nina Dagberg,NA,NA,NA,N,NA,NA,NA,NA,NA,NA,NA,NA,EMOBON_UMF_Wa_129
EMO BON UMF Wa 231211 0.2um (2),EMOBON metagenome water sample from station UMF collected on 2023-12-11 size fraction 0.2-3um,1874687,marine plankton metagenome,metagenome,marine water body [ENVO:00001999],2023-12-11 00:00:00,UMF_Wa_231211,Nina Dagberg,,no_tide,,1,2,5.25,3,0.2-3,0.2,3,Y,Ruttner,WaSOP1,vacuum pump,2023-12-11 00:00:00,"UMF, A13B passage, -80 freezer",-80,Nina Dagberg,NA,NA,NA,N,NA,NA,NA,NA,NA,NA,NA,NA,EMOBON_UMF_Wa_130
EMO BON UMF Wa 231211 0.2um (3),EMOBON metagenome water sample from station UMF collected on 2023-12-11 size fraction 0.2-3um,1874687,marine plankton metagenome,metagenome,marine water body [ENVO:00001999],2023-12-11 00:00:00,UMF_Wa_231211,Nina Dagberg,,no_tide,,1,3,5.5,4,0.2-3,0.2,3,Y,Ruttner,WaSOP1,vacuum pump,2023-12-11 00:00:00,"UMF, A13B passage, -80 freezer",-80,Nina Dagberg,NA,NA,NA,Y,NA,NA,NA,NA,NA,NA,NA,NA,EMOBON_UMF_Wa_131
EMO BON UMF Wa 231211 0.2um (4),EMOBON metagenome water sample from station UMF collected on 2023-12-11 size fraction 0.2-3um,1874687,marine plankton metagenome,metagenome,marine water body [ENVO:00001999],2023-12-11 00:00:00,UMF_Wa_231211,Nina Dagberg,,no_tide,,1,4,5.5,4,0.2-3,0.2,3,Y,Ruttner,WaSOP1,vacuum pump,2023-12-11 00:00:00,"UMF, A13B passage, -80 freezer",-80,Nina Dagberg,NA,NA,NA,Y,NA,NA,NA,NA,NA,NA,NA,NA,EMOBON_UMF_Wa_132
EMO BON UMF Wa 231211 3um (Blank),EMOBON metagenome water sample from station UMF collected on 2023-12-11 size fraction 3-200um,1874687,marine plankton metagenome,metagenome,marine water body [ENVO:00001999],2023-12-11 00:00:00,UMF_Wa_231211,Nina Dagberg,,no_tide,,NA,blank_1,5,0,3-200,3,200,N,NA,WaSOP1,vacuum pump,2023-12-11 00:00:00,"UMF, A13B passage, -80 freezer",-80,Nina Dagberg,NA,NA,NA,N,NA,NA,NA,NA,NA,NA,NA,NA,EMOBON_UMF_Wa_133
EMO BON UMF Wa 231211 0.22um (Blank),EMOBON metagenome water sample from station UMF collected on 2023-12-11 size fraction 0.2-3um,1874687,marine plankton metagenome,metagenome,marine water body [ENVO:00001999],2023-12-11 00:00:00,UMF_Wa_231211,Nina Dagberg,,no_tide,,NA,blank_1,5,0,0.2-3,0.2,3,N,NA,WaSOP1,vacuum pump,2023-12-11 00:00:00,"UMF, A13B passage, -80 freezer",-80,Nina Dagberg,NA,NA,NA,N,NA,NA,NA,NA,NA,NA,NA,NA,EMOBON_UMF_Wa_134
EMO BON UMF Wa 231211 10um (1),EMOBON metagenome water sample from station UMF collected on 2023-12-11 size fraction 10-20um,1874687,marine plankton metagenome,metagenome,marine water body [ENVO:00001999],2023-12-11 00:00:00,UMF_Wa_231211,Nina Dagberg,,no_tide,,,1,0.25,4,10-20,10,2000,N,plankton net ,WaSOP2,"hose, 1-10 m, diluted with water from 1m",2023-12-11 00:00:00,"UMF, A13B passage, -80 freezer",-80,Nina Dagberg,NA,NA,NA,Y,NA,NA,NA,NA,NA,NA,NA,NA,EMOBON_UMF_Wa_135
EMO BON UMF Wa 231211 10um (2),EMOBON metagenome water sample from station UMF collected on 2023-12-11 size fraction 10-20um,1874687,marine plankton metagenome,metagenome,marine water body [ENVO:00001999],2023-12-11 00:00:00,UMF_Wa_231211,Nina Dagberg,,no_tide,,,2,0.25,4,10-20,10,2000,N,plankton net ,WaSOP2,"hose, 1-10 m, diluted with water from 1m",2023-12-11 00:00:00,"UMF, A13B passage, -80 freezer",-80,Nina Dagberg,NA,NA,NA,Y,NA,NA,NA,NA,NA,NA,NA,NA,EMOBON_UMF_Wa_136
EMO BON UMF Wa 231211 10um (3),EMOBON metagenome water sample from station UMF collected on 2023-12-11 size fraction 10-20um,1874687,marine plankton metagenome,metagenome,marine water body [ENVO:00001999],2023-12-11 00:00:00,UMF_Wa_231211,Nina Dagberg,,no_tide,,,3,0.25,4,10-20,10,2000,N,plankton net ,WaSOP2,"hose, 1-10 m, diluted with water from 1m",2023-12-11 00:00:00,"UMF, A13B passage, -80 freezer",-80,Nina Dagberg,NA,NA,NA,Y,NA,NA,NA,NA,NA,NA,NA,NA,EMOBON_UMF_Wa_137
EMO BON UMF Wa 231211 10um (4),EMOBON metagenome water sample from station UMF collected on 2023-12-11 size fraction 10-20um,1874687,marine plankton metagenome,metagenome,marine water body [ENVO:00001999],2023-12-11 00:00:00,UMF_Wa_231211,Nina Dagberg,,no_tide,,,4,0.25,4,10-20,10,2000,N,plankton net ,WaSOP2,"hose, 1-10 m, diluted with water from 1m",2023-12-11 00:00:00,"UMF, A13B passage, -80 freezer",-80,Nina Dagberg,NA,NA,NA,Y,NA,NA,NA,NA,NA,NA,NA,NA,EMOBON_UMF_Wa_138
EMO BON UMF Wa 231211 10um (blank),EMOBON metagenome water sample from station UMF collected on 2023-12-11 size fraction 10-20um,1874687,marine plankton metagenome,metagenome,marine water body [ENVO:00001999],2023-12-11 00:00:00,UMF_Wa_231211,Nina Dagberg,,no_tide,,,blank_1,0.25,0,10-20,10,2000,N,plankton net ,WaSOP2,mq,2023-12-11 00:00:00,"UMF, A13B passage, -80 freezer",-80,Nina Dagberg,NA,NA,NA,Y,NA,NA,NA,NA,NA,NA,NA,NA,EMOBON_UMF_Wa_139
EMO BON UMF Wa 240214 3um (1),EMOBON metagenome water sample from station UMF collected on 2024-02-14 size fraction 3-200um,1874687,marine plankton metagenome,metagenome,marine water body [ENVO:00001999],2024-02-14 00:00:00,UMF_Wa_240214,Nina Dagberg,,no_tide,,1,1,5.3,2,3-200,3,200,Y,Ruttner,WaSOP1,vacuum pump,2024-02-14 00:00:00,"UMF, A13B passage, -80 freezer",-80,Nina Dagberg,NA,NA,NA,N,NA,NA,NA,NA,NA,NA,NA,NA,EMOBON_UMF_Wa_140
EMO BON UMF Wa 240214 3um (2),EMOBON metagenome water sample from station UMF collected on 2024-02-14 size fraction 3-200um,1874687,marine plankton metagenome,metagenome,marine water body [ENVO:00001999],2024-02-14 00:00:00,UMF_Wa_240214,Nina Dagberg,,no_tide,,1,2,5.3,2,3-200,3,200,Y,Ruttner,WaSOP1,vacuum pump,2024-02-14 00:00:00,"UMF, A13B passage, -80 freezer",-80,Nina Dagberg,NA,NA,NA,N,NA,NA,NA,NA,NA,NA,NA,NA,EMOBON_UMF_Wa_141
EMO BON UMF Wa 240214 3um (3),EMOBON metagenome water sample from station UMF collected on 2024-02-14 size fraction 3-200um,1874687,marine plankton metagenome,metagenome,marine water body [ENVO:00001999],2024-02-14 00:00:00,UMF_Wa_240214,Nina Dagberg,,no_tide,,1,3,3.6,3,3-200,3,200,Y,Ruttner,WaSOP1,vacuum pump,2024-02-14 00:00:00,"UMF, A13B passage, -80 freezer",-80,Nina Dagberg,NA,NA,NA,Y,NA,NA,NA,NA,NA,NA,NA,NA,EMOBON_UMF_Wa_142
EMO BON UMF Wa 240214 3um (4),EMOBON metagenome water sample from station UMF collected on 2024-02-14 size fraction 3-200um,1874687,marine plankton metagenome,metagenome,marine water body [ENVO:00001999],2024-02-14 00:00:00,UMF_Wa_240214,Nina Dagberg,,no_tide,,1,4,3.6,3,3-200,3,200,Y,Ruttner,WaSOP1,vacuum pump,2024-02-14 00:00:00,"UMF, A13B passage, -80 freezer",-80,Nina Dagberg,NA,NA,NA,Y,NA,NA,NA,NA,NA,NA,NA,NA,EMOBON_UMF_Wa_143
EMO BON UMF Wa 240214 0.2um (1),EMOBON metagenome water sample from station UMF collected on 2024-02-14 size fraction 0.2-3um,1874687,marine plankton metagenome,metagenome,marine water body [ENVO:00001999],2024-02-14 00:00:00,UMF_Wa_240214,Nina Dagberg,,no_tide,,1,1,5,2,0.2-3,0.2,3,Y,Ruttner,WaSOP1,vacuum pump,2024-02-14 00:00:00,"UMF, A13B passage, -80 freezer",-80,Nina Dagberg,NA,NA,NA,N,NA,NA,NA,NA,NA,NA,NA,NA,EMOBON_UMF_Wa_144
EMO BON UMF Wa 240214 0.2um (2),EMOBON metagenome water sample from station UMF collected on 2024-02-14 size fraction 0.2-3um,1874687,marine plankton metagenome,metagenome,marine water body [ENVO:00001999],2024-02-14 00:00:00,UMF_Wa_240214,Nina Dagberg,,no_tide,,1,2,5,2,0.2-3,0.2,3,Y,Ruttner,WaSOP1,vacuum pump,2024-02-14 00:00:00,"UMF, A13B passage, -80 freezer",-80,Nina Dagberg,NA,NA,NA,N,NA,NA,NA,NA,NA,NA,NA,NA,EMOBON_UMF_Wa_145
EMO BON UMF Wa 240214 0.2um (3),EMOBON metagenome water sample from station UMF collected on 2024-02-14 size fraction 0.2-3um,1874687,marine plankton metagenome,metagenome,marine water body [ENVO:00001999],2024-02-14 00:00:00,UMF_Wa_240214,Nina Dagberg,,no_tide,,1,3,3.6,3,0.2-3,0.2,3,Y,Ruttner,WaSOP1,vacuum pump,2024-02-14 00:00:00,"UMF, A13B passage, -80 freezer",-80,Nina Dagberg,NA,NA,NA,Y,NA,NA,NA,NA,NA,NA,NA,NA,EMOBON_UMF_Wa_146
EMO BON UMF Wa 240214 0.2um (4),EMOBON metagenome water sample from station UMF collected on 2024-02-14 size fraction 0.2-3um,1874687,marine plankton metagenome,metagenome,marine water body [ENVO:00001999],2024-02-14 00:00:00,UMF_Wa_240214,Nina Dagberg,,no_tide,,1,4,3.6,3,0.2-3,0.2,3,Y,Ruttner,WaSOP1,vacuum pump,2024-02-14 00:00:00,"UMF, A13B passage, -80 freezer",-80,Nina Dagberg,NA,NA,NA,Y,NA,NA,NA,NA,NA,NA,NA,NA,EMOBON_UMF_Wa_147
EMO BON UMF Wa 240214 3um (Blank),EMOBON metagenome water sample from station UMF collected on 2024-02-14 size fraction 3-200um,1874687,metagenome,metagenome,marine water body [ENVO:00001999],2024-02-14 00:00:00,UMF_Wa_240214,Nina Dagberg,,no_tide,,NA,blank_1,5,0,3-200,3,200,N,NA,WaSOP1,vacuum pump,2024-02-14 00:00:00,"UMF, A13B passage, -80 freezer",-80,Nina Dagberg,NA,NA,NA,N,NA,NA,NA,NA,NA,NA,NA,NA,EMOBON_UMF_Wa_148
EMO BON UMF Wa 240214 0.22um (Blank),EMOBON metagenome water sample from station UMF collected on 2024-02-14 size fraction 0.2-3um,1874687,metagenome,metagenome,marine water body [ENVO:00001999],2024-02-14 00:00:00,UMF_Wa_240214,Nina Dagberg,,no_tide,,NA,blank_1,5,0,0.2-3,0.2,3,N,NA,WaSOP1,vacuum pump,2024-02-14 00:00:00,"UMF, A13B passage, -80 freezer",-80,Nina Dagberg,NA,NA,NA,N,NA,NA,NA,NA,NA,NA,NA,NA,EMOBON_UMF_Wa_149
EMO BON UMF Wa 240214 10um (1),EMOBON metagenome water sample from station UMF collected on 2024-02-14 size fraction 10-20um,1874687,marine plankton metagenome,metagenome,marine water body [ENVO:00001999],2024-02-14 00:00:00,UMF_Wa_240214,Nina Dagberg,,no_tide,,,1,0.25,2,10-20,10,2000,N,plankton net ,WaSOP2,"hose, 1-10 m, diluted with water from 1m",2024-02-14 00:00:00,"UMF, A13B passage, -80 freezer",-80,Nina Dagberg,NA,NA,NA,Y,NA,NA,NA,NA,NA,NA,NA,NA,EMOBON_UMF_Wa_150
EMO BON UMF Wa 240214 10um (2),EMOBON metagenome water sample from station UMF collected on 2024-02-14 size fraction 10-20um,1874687,marine plankton metagenome,metagenome,marine water body [ENVO:00001999],2024-02-14 00:00:00,UMF_Wa_240214,Nina Dagberg,,no_tide,,,2,0.25,2,10-20,10,2000,N,plankton net ,WaSOP2,"hose, 1-10 m, diluted with water from 1m",2024-02-14 00:00:00,"UMF, A13B passage, -80 freezer",-80,Nina Dagberg,NA,NA,NA,Y,NA,NA,NA,NA,NA,NA,NA,NA,EMOBON_UMF_Wa_151
EMO BON UMF Wa 240214 10um (3),EMOBON metagenome water sample from station UMF collected on 2024-02-14 size fraction 10-20um,1874687,marine plankton metagenome,metagenome,marine water body [ENVO:00001999],2024-02-14 00:00:00,UMF_Wa_240214,Nina Dagberg,,no_tide,,,3,0.25,2,10-20,10,2000,N,plankton net ,WaSOP2,"hose, 1-10 m, diluted with water from 1m",2024-02-14 00:00:00,"UMF, A13B passage, -80 freezer",-80,Nina Dagberg,NA,NA,NA,Y,NA,NA,NA,NA,NA,NA,NA,NA,EMOBON_UMF_Wa_152
EMO BON UMF Wa 240214 10um (4),EMOBON metagenome water sample from station UMF collected on 2024-02-14 size fraction 10-20um,1874687,marine plankton metagenome,metagenome,marine water body [ENVO:00001999],2024-02-14 00:00:00,UMF_Wa_240214,Nina Dagberg,,no_tide,,,4,0.25,2,10-20,10,2000,N,plankton net ,WaSOP2,"hose, 1-10 m, diluted with water from 1m",2024-02-14 00:00:00,"UMF, A13B passage, -80 freezer",-80,Nina Dagberg,NA,NA,NA,Y,NA,NA,NA,NA,NA,NA,NA,NA,EMOBON_UMF_Wa_153
EMO BON UMF Wa 240214 10um (blank),EMOBON metagenome water sample from station UMF collected on 2024-02-14 size fraction 10-20um,1874687,metagenome,metagenome,marine water body [ENVO:00001999],2024-02-14 00:00:00,UMF_Wa_240214,Nina Dagberg,,no_tide,,,blank_1,0.25,0,10-20,10,2000,N,plankton net ,WaSOP2,mq,2024-02-14 00:00:00,"UMF, A13B passage, -80 freezer",-80,Nina Dagberg,NA,NA,NA,Y,NA,NA,NA,NA,NA,NA,NA,NA,EMOBON_UMF_Wa_154
